Gene	Drug	Drug RxNorm ID	Drug ATC IDs	Guideline	CPIC Level	CPIC Level Status	PharmGKB Level of Evidence	PGx on FDA Label	CPIC Publications (PMID)	normalized_drug_id	normalized_gene_id
HLA-B	abacavir	190521.0	J05AF06, J05AR02, J05AR13, J05AR04	https://cpicpgx.org/guidelines/guideline-for-abacavir-and-hla-b/	A	Final	1A	Testing required	24561393;22378157	CHEMBL.COMPOUND:CHEMBL4303288	UniProtKB:P01889
HLA-B	allopurinol	519.0	M04AA01, M04AA51	https://cpicpgx.org/guidelines/guideline-for-allopurinol-and-hla-b/	A	Final	1A	Testing recommended	23232549;26094938	CHEMBL.COMPOUND:CHEMBL1200477	UniProtKB:P01889
MT-RNR1	amikacin	641.0	D06AX12, J01GB06, S01AA21	https://cpicpgx.org/guidelines/cpic-guideline-for-aminoglycosides-and-mt-rnr1/	A	Final	1A		34032273	CHEMBL.COMPOUND:CHEMBL4208954	UniProtKB:A0A0C5B5G6
CYP2C19	amitriptyline	704.0	N06AA09, N06CA01	https://cpicpgx.org/guidelines/guideline-for-tricyclic-antidepressants-and-cyp2d6-and-cyp2c19/	A	Final	1A		23486447;27997040	CHEMBL.COMPOUND:CHEMBL629	UniProtKB:P33261
CYP2D6	amitriptyline	704.0	N06AA09, N06CA01	https://cpicpgx.org/guidelines/guideline-for-tricyclic-antidepressants-and-cyp2d6-and-cyp2c19/	A	Final	1A	Actionable PGx	23486447;27997040	CHEMBL.COMPOUND:CHEMBL629	UniProtKB:P10635
UGT1A1	atazanavir	343047.0	J05AE08, J05AR15	https://cpicpgx.org/guidelines/guideline-for-atazanavir-and-ugt1a1/	A	Final	1A		26417955	CHEMBL.COMPOUND:CHEMBL1200678	UniProtKB:P22309
CYP2D6	atomoxetine	38400.0	N06BA09	https://cpicpgx.org/guidelines/cpic-guideline-for-atomoxetine-based-on-cyp2d6-genotype/	A	Final	1A	Actionable PGx	30801677	CHEMBL.COMPOUND:CHEMBL641	UniProtKB:P10635
SLCO1B1	atorvastatin	83367.0	C10AA05	https://cpicpgx.org/guidelines/cpic-guideline-for-statins/	A	Final	1A	Informative PGx	35152405	CHEMBL.COMPOUND:CHEMBL1487	UniProtKB:Q9Y6L6
NUDT15	azathioprine	1256.0	L04AX01	https://cpicpgx.org/guidelines/guideline-for-thiopurines-and-tpmt/	A	Final	1A	Testing recommended	21270794;23422873;30447069	CHEMBL.COMPOUND:CHEMBL1542	UniProtKB:Q9NV35
TPMT	azathioprine	1256.0	L04AX01	https://cpicpgx.org/guidelines/guideline-for-thiopurines-and-tpmt/	A	Final	1A	Testing recommended	21270794;23422873;30447069	CHEMBL.COMPOUND:CHEMBL1542	UniProtKB:P51580
DPYD	capecitabine	194000.0	L01BC06	https://cpicpgx.org/guidelines/guideline-for-fluoropyrimidines-and-dpyd/	A	Final	1A	Testing recommended	23988873;29152729	CHEMBL.COMPOUND:CHEMBL185	UniProtKB:Q12882
HLA-A	carbamazepine	2002.0	N03AF01	https://cpicpgx.org/guidelines/guideline-for-carbamazepine-and-hla-b/	A	Final	1A	Actionable PGx	23695185;29392710	CHEMBL.COMPOUND:CHEMBL108	UniProtKB:P04439
HLA-B	carbamazepine	2002.0	N03AF01	https://cpicpgx.org/guidelines/guideline-for-carbamazepine-and-hla-b/	A	Final	1A	Testing required	23695185;29392710	CHEMBL.COMPOUND:CHEMBL108	UniProtKB:P01889
CYP2C9	celecoxib	140587.0	L01XX33, M01AH01	https://cpicpgx.org/guidelines/cpic-guideline-for-nsaids-based-on-cyp2c9-genotype/	A	Final	1A	Actionable PGx	32189324	CHEMBL.COMPOUND:CHEMBL118	UniProtKB:P11712
CYP2C19	citalopram	2556.0	N06AB04	https://cpicpgx.org/guidelines/guideline-for-selective-serotonin-reuptake-inhibitors-and-cyp2d6-and-cyp2c19/	A	Final	1A	Actionable PGx	25974703	CHEMBL.COMPOUND:CHEMBL1200781	UniProtKB:P33261
CYP2C19	clopidogrel	32968.0	B01AC04	https://cpicpgx.org/guidelines/guideline-for-clopidogrel-and-cyp2c19/	A	Final	1A	Actionable PGx	21716271;23698643;35034351	CHEMBL.COMPOUND:CHEMBL1083385	UniProtKB:P33261
CYP2D6	codeine	2670.0	R05DA04, N02AA59, N02AA79	https://cpicpgx.org/guidelines/guideline-for-codeine-and-cyp2d6/	A	Final	1A	Actionable PGx	22205192;24458010;33387367	CHEMBL.COMPOUND:CHEMBL284671	UniProtKB:P10635
G6PD	dapsone	3108.0	D10AX05, J04BA02	https://cpicpgx.org/guidelines/cpic-guideline-for-g6pd/	A	Final	4	Actionable PGx	36049896	CHEMBL.COMPOUND:CHEMBL1043	UniProtKB:P11413
CACNA1S	desflurane	27340.0	N01AB07	https://cpicpgx.org/guidelines/cpic-guideline-for-ryr1-and-cacna1s/	A	Final	1A	Actionable PGx	30499100	CHEMBL.COMPOUND:CHEMBL1200733	UniProtKB:Q13698
RYR1	desflurane	27340.0	N01AB07	https://cpicpgx.org/guidelines/cpic-guideline-for-ryr1-and-cacna1s/	A	Final	1A	Actionable PGx	30499100	CHEMBL.COMPOUND:CHEMBL1200733	UniProtKB:P21817
CYP2B6	efavirenz	195085.0	J05AG03	https://cpicpgx.org/guidelines/cpic-guideline-for-efavirenz-based-on-cyp2b6-genotype/	A	Final	1A	Actionable PGx	31006110	CHEMBL.COMPOUND:CHEMBL223228	UniProtKB:P20813
CACNA1S	enflurane	3920.0	N01AB04	https://cpicpgx.org/guidelines/cpic-guideline-for-ryr1-and-cacna1s/	A	Final	1A	Actionable PGx	30499100	CHEMBL.COMPOUND:CHEMBL1257	UniProtKB:Q13698
RYR1	enflurane	3920.0	N01AB04	https://cpicpgx.org/guidelines/cpic-guideline-for-ryr1-and-cacna1s/	A	Final	1A	Actionable PGx	30499100	CHEMBL.COMPOUND:CHEMBL1257	UniProtKB:P21817
CYP2C19	escitalopram	321988.0	N06AB10	https://cpicpgx.org/guidelines/guideline-for-selective-serotonin-reuptake-inhibitors-and-cyp2d6-and-cyp2c19/	A	Final	1A	Actionable PGx	25974703	CHEMBL.COMPOUND:CHEMBL1200322	UniProtKB:P33261
DPYD	fluorouracil	4492.0	L01BC02, L01BC52	https://cpicpgx.org/guidelines/guideline-for-fluoropyrimidines-and-dpyd/	A	Final	1A	Actionable PGx	23988873;29152729	CHEMBL.COMPOUND:CHEMBL185	UniProtKB:Q12882
CYP2C9	flurbiprofen	4502.0	M01AE09, M02AA19, R02AX01, S01BC04	https://cpicpgx.org/guidelines/cpic-guideline-for-nsaids-based-on-cyp2c9-genotype/	A	Final	1A	Actionable PGx	32189324	CHEMBL.COMPOUND:CHEMBL563	UniProtKB:P11712
CYP2C9	fluvastatin	41127.0	C10AA04	https://cpicpgx.org/guidelines/cpic-guideline-for-statins/	A	Final	1A		35152405	CHEMBL.COMPOUND:CHEMBL241778	UniProtKB:P11712
SLCO1B1	fluvastatin	41127.0	C10AA04	https://cpicpgx.org/guidelines/cpic-guideline-for-statins/	A	Final	1A		35152405	CHEMBL.COMPOUND:CHEMBL241778	UniProtKB:Q9Y6L6
CYP2C9	fosphenytoin	72236.0	N03AB05	https://cpicpgx.org/guidelines/guideline-for-phenytoin-and-cyp2c9-and-hla-b/	A	Final		Actionable PGx	25099164;32779747	CHEMBL.COMPOUND:CHEMBL16	UniProtKB:P11712
HLA-B	fosphenytoin	72236.0	N03AB05	https://cpicpgx.org/guidelines/guideline-for-phenytoin-and-cyp2c9-and-hla-b/	A	Final		Actionable PGx	25099164;32779747	CHEMBL.COMPOUND:CHEMBL16	UniProtKB:P01889
MT-RNR1	gentamicin		D06AX07, J01GB03, S01AA11, S02AA14, S03AA06	https://cpicpgx.org/guidelines/cpic-guideline-for-aminoglycosides-and-mt-rnr1/	A	Final	1A		34032273	CHEMBL.COMPOUND:CHEMBL1087542	UniProtKB:A0A0C5B5G6
CACNA1S	halothane	5095.0	N01AB01	https://cpicpgx.org/guidelines/cpic-guideline-for-ryr1-and-cacna1s/	A	Final	1A		30499100	CHEMBL.COMPOUND:CHEMBL931	UniProtKB:Q13698
RYR1	halothane	5095.0	N01AB01	https://cpicpgx.org/guidelines/cpic-guideline-for-ryr1-and-cacna1s/	A	Final	1A		30499100	CHEMBL.COMPOUND:CHEMBL931	UniProtKB:P21817
CYP2C9	ibuprofen	5640.0	C01EB16, G02CC01, M01AE01, M02AA13	https://cpicpgx.org/guidelines/cpic-guideline-for-nsaids-based-on-cyp2c9-genotype/	A	Final	1A		32189324	CHEMBL.COMPOUND:CHEMBL521	UniProtKB:P11712
UGT1A1	irinotecan	51499.0	L01XX19		A	Provisional	1A	Actionable PGx		CHEMBL.COMPOUND:CHEMBL481	UniProtKB:P22309
CACNA1S	isoflurane	6026.0	N01AB06	https://cpicpgx.org/guidelines/cpic-guideline-for-ryr1-and-cacna1s/	A	Final	1A	Actionable PGx	30499100	CHEMBL.COMPOUND:CHEMBL1256	UniProtKB:Q13698
RYR1	isoflurane	6026.0	N01AB06	https://cpicpgx.org/guidelines/cpic-guideline-for-ryr1-and-cacna1s/	A	Final	1A	Actionable PGx	30499100	CHEMBL.COMPOUND:CHEMBL1256	UniProtKB:P21817
CFTR	ivacaftor	1243041.0	R07AX02, R07AX30	https://cpicpgx.org/guidelines/guideline-for-ivacaftor-and-cftr/	A	Final	1A	Testing required	24598717	CHEMBL.COMPOUND:CHEMBL2010601	UniProtKB:P13569
MT-RNR1	kanamycin	6099.0	A07AA08, J01GB04, S01AA24	https://cpicpgx.org/guidelines/cpic-guideline-for-aminoglycosides-and-mt-rnr1/	A	Final	1A		34032273	CHEMBL.COMPOUND:CHEMBL223520	UniProtKB:A0A0C5B5G6
CYP2C19	lansoprazole	17128.0	A02BC03	https://cpicpgx.org/guidelines/cpic-guideline-for-proton-pump-inhibitors-and-cyp2c19/	A	Final	1A	Informative PGx	32770672	CHEMBL.COMPOUND:CHEMBL3039425	UniProtKB:P33261
CYP2C9	lornoxicam	20890.0	M01AC05	https://cpicpgx.org/guidelines/cpic-guideline-for-nsaids-based-on-cyp2c9-genotype/	A	Final	1A		32189324	CHEMBL.COMPOUND:CHEMBL1569487	UniProtKB:P11712
SLCO1B1	lovastatin	6472.0	C10AA02	https://cpicpgx.org/guidelines/cpic-guideline-for-statins/	A	Final	1A		35152405	CHEMBL.COMPOUND:CHEMBL503	UniProtKB:Q9Y6L6
CYP2C9	meloxicam	41493.0	M01AC06	https://cpicpgx.org/guidelines/cpic-guideline-for-nsaids-based-on-cyp2c9-genotype/	A	Final	1A	Actionable PGx	32189324	CHEMBL.COMPOUND:CHEMBL599	UniProtKB:P11712
NUDT15	mercaptopurine	103.0	L01BB02	https://cpicpgx.org/guidelines/guideline-for-thiopurines-and-tpmt/	A	Final	1A	Testing recommended	21270794;23422873;30447069	CHEMBL.COMPOUND:CHEMBL1425	UniProtKB:Q9NV35
TPMT	mercaptopurine	103.0	L01BB02	https://cpicpgx.org/guidelines/guideline-for-thiopurines-and-tpmt/	A	Final	1A	Testing recommended	21270794;23422873;30447069	CHEMBL.COMPOUND:CHEMBL1425	UniProtKB:P51580
CACNA1S	methoxyflurane	6857.0	N02BG09	https://cpicpgx.org/guidelines/cpic-guideline-for-ryr1-and-cacna1s/	A	Final	1A		30499100	CHEMBL.COMPOUND:CHEMBL1341	UniProtKB:Q13698
RYR1	methoxyflurane	6857.0	N02BG09	https://cpicpgx.org/guidelines/cpic-guideline-for-ryr1-and-cacna1s/	A	Final	1A		30499100	CHEMBL.COMPOUND:CHEMBL1341	UniProtKB:P21817
G6PD	methylene blue	6878.0		https://cpicpgx.org/guidelines/cpic-guideline-for-g6pd/	A	Final	3	Actionable PGx	36049896	CHEMBL.COMPOUND:CHEMBL405110	UniProtKB:P11413
G6PD	nitrofurantoin	7454.0	J01XE01	https://cpicpgx.org/guidelines/cpic-guideline-for-g6pd/	A	Final	3	Actionable PGx	36049896	CHEMBL.COMPOUND:CHEMBL572	UniProtKB:P11413
CYP2D6	nortriptyline	7531.0	N06AA10	https://cpicpgx.org/guidelines/guideline-for-tricyclic-antidepressants-and-cyp2d6-and-cyp2c19/	A	Final	1A	Actionable PGx	23486447;27997040	CHEMBL.COMPOUND:CHEMBL1201156	UniProtKB:P10635
CYP2C19	omeprazole	7646.0	A02BC01	https://cpicpgx.org/guidelines/cpic-guideline-for-proton-pump-inhibitors-and-cyp2c19/	A	Final	1A	Actionable PGx	32770672	CHEMBL.COMPOUND:CHEMBL1200470	UniProtKB:P33261
CYP2D6	ondansetron	26225.0	A04AA01	https://cpicpgx.org/guidelines/guideline-for-ondansetron-and-tropisetron-and-cyp2d6-genotype/	A	Final	1A	Informative PGx	28002639	CHEMBL.COMPOUND:CHEMBL1201111	UniProtKB:P10635
HLA-B	oxcarbazepine	32624.0	N03AF02	https://cpicpgx.org/guidelines/guideline-for-carbamazepine-and-hla-b/	A	Final	1A	Testing recommended	29392710	CHEMBL.COMPOUND:CHEMBL1068	UniProtKB:P01889
CYP2C19	pantoprazole	40790.0	A02BC02	https://cpicpgx.org/guidelines/cpic-guideline-for-proton-pump-inhibitors-and-cyp2c19/	A	Final	1A	Actionable PGx	32770672	CHEMBL.COMPOUND:CHEMBL1502	UniProtKB:P33261
MT-RNR1	paromomycin	7934.0	A07AA06	https://cpicpgx.org/guidelines/cpic-guideline-for-aminoglycosides-and-mt-rnr1/	A	Final			34032273	CHEMBL.COMPOUND:CHEMBL2206196	UniProtKB:A0A0C5B5G6
CYP2D6	paroxetine	32937.0	N06AB05	https://cpicpgx.org/guidelines/guideline-for-selective-serotonin-reuptake-inhibitors-and-cyp2d6-and-cyp2c19/	A	Final	1A	Informative PGx	25974703	CHEMBL.COMPOUND:CHEMBL1256912	UniProtKB:P10635
IFNL3	peginterferon alfa-2a	120608.0	L03AB11, L03AB61	https://cpicpgx.org/guidelines/guideline-for-peg-interferon-alpha-based-regimens-and-ifnl3/	A	Final	1A		24096968	CHEMBL.COMPOUND:CHEMBL1201560	UniProtKB:Q8IZI9
IFNL4	peginterferon alfa-2a	120608.0	L03AB11, L03AB61	https://cpicpgx.org/guidelines/guideline-for-peg-interferon-alpha-based-regimens-and-ifnl3/	A	Final	1A			CHEMBL.COMPOUND:CHEMBL1201560	UniProtKB:K9M1U5
IFNL3	peginterferon alfa-2b	253453.0	L03AB10, L03AB60	https://cpicpgx.org/guidelines/guideline-for-peg-interferon-alpha-based-regimens-and-ifnl3/	A	Final	1A	Actionable PGx	24096968	CHEMBL.COMPOUND:CHEMBL1201561	UniProtKB:Q8IZI9
IFNL4	peginterferon alfa-2b	253453.0	L03AB10, L03AB60	https://cpicpgx.org/guidelines/guideline-for-peg-interferon-alpha-based-regimens-and-ifnl3/	A	Final	1A			CHEMBL.COMPOUND:CHEMBL1201561	UniProtKB:K9M1U5
G6PD	pegloticase	1011650.0		https://cpicpgx.org/guidelines/cpic-guideline-for-g6pd/	A	Final	3	Testing required	36049896	CHEMBL.COMPOUND:CHEMBL1237025	UniProtKB:P11413
CYP2C9	phenytoin	8183.0	N03AB02, N03AB52	https://cpicpgx.org/guidelines/guideline-for-phenytoin-and-cyp2c9-and-hla-b/	A	Final	1A	Actionable PGx	25099164;32779747	CHEMBL.COMPOUND:CHEMBL16	UniProtKB:P11712
HLA-B	phenytoin	8183.0	N03AB02, N03AB52	https://cpicpgx.org/guidelines/guideline-for-phenytoin-and-cyp2c9-and-hla-b/	A	Final	1A	Actionable PGx	25099164;32779747	CHEMBL.COMPOUND:CHEMBL16	UniProtKB:P01889
CYP2C9	piroxicam	8356.0	M01AC01	https://cpicpgx.org/guidelines/cpic-guideline-for-nsaids-based-on-cyp2c9-genotype/	A	Final	1A	Actionable PGx	32189324	CHEMBL.COMPOUND:CHEMBL2106953	UniProtKB:P11712
SLCO1B1	pitavastatin	861634.0	C10AA08	https://cpicpgx.org/guidelines/cpic-guideline-for-statins/	A	Final	1A		35152405	CHEMBL.COMPOUND:CHEMBL1237061	UniProtKB:Q9Y6L6
CYP2D6	pitolisant	2197878.0	N07XX11		A	Provisional		Actionable PGx		CHEMBL.COMPOUND:CHEMBL462605	UniProtKB:P10635
MT-RNR1	plazomicin	2049549.0		https://cpicpgx.org/guidelines/cpic-guideline-for-aminoglycosides-and-mt-rnr1/	A	Final			34032273	CHEMBL.COMPOUND:CHEMBL1650559	UniProtKB:A0A0C5B5G6
SLCO1B1	pravastatin	42463.0	C10AA03	https://cpicpgx.org/guidelines/cpic-guideline-for-statins/	A	Final	1A		35152405	CHEMBL.COMPOUND:CHEMBL690	UniProtKB:Q9Y6L6
G6PD	primaquine	8687.0	P01BA03	https://cpicpgx.org/guidelines/cpic-guideline-for-g6pd/	A	Final	3	Testing required	36049896	CHEMBL.COMPOUND:CHEMBL43128	UniProtKB:P11413
G6PD	rasburicase	283821.0	M04AX01, V03AF07	https://cpicpgx.org/guidelines/cpic-guideline-for-g6pd/	A	Final	1A	Testing required	24787449;36049896	CHEMBL.COMPOUND:CHEMBL1201594	UniProtKB:P11413
ABCG2	rosuvastatin	301542.0	C10AA07	https://cpicpgx.org/guidelines/cpic-guideline-for-statins/	A	Final	1A		35152405	CHEMBL.COMPOUND:CHEMBL1744447	UniProtKB:Q9UNQ0
SLCO1B1	rosuvastatin	301542.0	C10AA07	https://cpicpgx.org/guidelines/cpic-guideline-for-statins/	A	Final	1A	Actionable PGx	35152405	CHEMBL.COMPOUND:CHEMBL1744447	UniProtKB:Q9Y6L6
CACNA1S	sevoflurane	36453.0	N01AB08	https://cpicpgx.org/guidelines/cpic-guideline-for-ryr1-and-cacna1s/	A	Final	1A	Actionable PGx	30499100	CHEMBL.COMPOUND:CHEMBL1200694	UniProtKB:Q13698
RYR1	sevoflurane	36453.0	N01AB08	https://cpicpgx.org/guidelines/cpic-guideline-for-ryr1-and-cacna1s/	A	Final	1A	Actionable PGx	30499100	CHEMBL.COMPOUND:CHEMBL1200694	UniProtKB:P21817
SLCO1B1	simvastatin	36567.0	C10AA01, C10BA02, C10BX04, A10BH51, C10BA04, C10BX01	https://cpicpgx.org/guidelines/cpic-guideline-for-statins/	A	Final	1A	Informative PGx	22617227;24918167;35152405	CHEMBL.COMPOUND:CHEMBL1064	UniProtKB:Q9Y6L6
CYP2C9	siponimod	2121085.0			A	Provisional	1A	Testing required		CHEMBL.COMPOUND:CHEMBL4298150	UniProtKB:P11712
MT-RNR1	streptomycin	10109.0	A07AA04, J01GA01	https://cpicpgx.org/guidelines/cpic-guideline-for-aminoglycosides-and-mt-rnr1/	A	Final	1A		34032273	CHEMBL.COMPOUND:CHEMBL372795	UniProtKB:A0A0C5B5G6
CACNA1S	succinylcholine	10154.0	M03AB01	https://cpicpgx.org/guidelines/cpic-guideline-for-ryr1-and-cacna1s/	A	Final	1A	Actionable PGx	30499100	CHEMBL.COMPOUND:CHEMBL703	UniProtKB:Q13698
RYR1	succinylcholine	10154.0	M03AB01	https://cpicpgx.org/guidelines/cpic-guideline-for-ryr1-and-cacna1s/	A	Final	1A	Actionable PGx	30499100	CHEMBL.COMPOUND:CHEMBL703	UniProtKB:P21817
CYP3A5	tacrolimus	42316.0	D11AH01, L04AD02	https://cpicpgx.org/guidelines/guideline-for-tacrolimus-and-cyp3a5/	A	Final	1A		25801146	CHEMBL.COMPOUND:CHEMBL3989887	UniProtKB:P20815
G6PD	tafenoquine	2054023.0	P01BA07	https://cpicpgx.org/guidelines/cpic-guideline-for-g6pd/	A	Final		Testing required	36049896	CHEMBL.COMPOUND:CHEMBL298470	UniProtKB:P11413
CYP2D6	tamoxifen	10324.0	L02BA01	https://cpicpgx.org/guidelines/cpic-guideline-for-tamoxifen-based-on-cyp2d6-genotype/	A	Final	1A	Actionable PGx	29385237	CHEMBL.COMPOUND:CHEMBL83	UniProtKB:P10635
CYP2C9	tenoxicam	37790.0	M01AC02	https://cpicpgx.org/guidelines/cpic-guideline-for-nsaids-based-on-cyp2c9-genotype/	A	Final	1A		32189324	CHEMBL.COMPOUND:CHEMBL302795	UniProtKB:P11712
NUDT15	thioguanine	10485.0	L01BB03	https://cpicpgx.org/guidelines/guideline-for-thiopurines-and-tpmt/	A	Final	3	Testing recommended	21270794;23422873;30447069	CHEMBL.COMPOUND:CHEMBL727	UniProtKB:Q9NV35
TPMT	thioguanine	10485.0	L01BB03	https://cpicpgx.org/guidelines/guideline-for-thiopurines-and-tpmt/	A	Final	3	Testing recommended	21270794;23422873;30447069	CHEMBL.COMPOUND:CHEMBL727	UniProtKB:P51580
MT-RNR1	tobramycin	10627.0	J01GB01, S01AA12	https://cpicpgx.org/guidelines/cpic-guideline-for-aminoglycosides-and-mt-rnr1/	A	Final	1A		34032273	CHEMBL.COMPOUND:CHEMBL1747	UniProtKB:A0A0C5B5G6
G6PD	toluidine blue	10638.0		https://cpicpgx.org/guidelines/cpic-guideline-for-g6pd/	A	Final			36049896	CHEMBL.COMPOUND:CHEMBL1622638	UniProtKB:P11413
CYP2D6	tramadol	10689.0	N02AX02	https://cpicpgx.org/guidelines/guideline-for-codeine-and-cyp2d6/	A	Final	1A	Actionable PGx	33387367	CHEMBL.COMPOUND:CHEMBL1237044	UniProtKB:P10635
CYP2D6	tropisetron	27392.0	A04AA03	https://cpicpgx.org/guidelines/guideline-for-ondansetron-and-tropisetron-and-cyp2d6-genotype/	A	Final	1A		28002639	CHEMBL.COMPOUND:CHEMBL2130744	UniProtKB:P10635
CYP2C19	voriconazole	121243.0	J02AC03	https://cpicpgx.org/guidelines/guideline-for-voriconazole-and-cyp2c19/	A	Final	1A	Actionable PGx	27981572	CHEMBL.COMPOUND:CHEMBL638	UniProtKB:P33261
CYP2C9	warfarin	11289.0	B01AA03	https://cpicpgx.org/guidelines/guideline-for-warfarin-and-cyp2c9-and-vkorc1/	A	Final	1A	Actionable PGx	21900891;28198005	CHEMBL.COMPOUND:CHEMBL1200879	UniProtKB:P11712
CYP4F2	warfarin	11289.0	B01AA03	https://cpicpgx.org/guidelines/guideline-for-warfarin-and-cyp2c9-and-vkorc1/	A	Final	1A		21900891;28198005	CHEMBL.COMPOUND:CHEMBL1200879	UniProtKB:P78329
VKORC1	warfarin	11289.0	B01AA03	https://cpicpgx.org/guidelines/guideline-for-warfarin-and-cyp2c9-and-vkorc1/	A	Final	1A	Actionable PGx	21900891;28198005	CHEMBL.COMPOUND:CHEMBL1200879	UniProtKB:Q9BQB6
POLG	divalproex sodium	266856.0			A/B	Provisional		Testing required		RXNORM:266856	UniProtKB:P54098
CYP2D6	eliglustat	1547220.0			A/B	Provisional		Testing required		CHEMBL.COMPOUND:CHEMBL2110588	UniProtKB:P10635
NAT2	hydralazine	5470.0	C02DB02		A/B	Provisional	3			CHEMBL.COMPOUND:CHEMBL542541	UniProtKB:P11245
CYP2D6	oliceridine	2392230.0			A/B	Provisional		Actionable PGx		CHEMBL.COMPOUND:CHEMBL2443262	UniProtKB:P10635
CYP2D6	pimozide	8331.0	N05AG02		A/B	Provisional		Testing required		CHEMBL.COMPOUND:CHEMBL1423	UniProtKB:P10635
CYP2D6	tetrabenazine	10390.0	N07XX06		A/B	Provisional		Testing required		CHEMBL.COMPOUND:CHEMBL117785	UniProtKB:P10635
POLG	valproic acid	11118.0	N03AG01		A/B	Provisional	3	Testing required		CHEMBL.COMPOUND:CHEMBL109	UniProtKB:P54098
GBA	velaglucerase alfa	901805.0			A/B	Provisional		Testing required		CHEMBL.COMPOUND:CHEMBL1201632	CHEMBL.COMPOUND:CHEMBL1201632
CYP2D6	venlafaxine	39786.0	N06AX16		A/B	Provisional	1A	Actionable PGx		CHEMBL.COMPOUND:CHEMBL1201066	UniProtKB:P10635
CYP2D6	vortioxetine	1455099.0	N06AX26		A/B	Provisional	3	Actionable PGx		CHEMBL.COMPOUND:CHEMBL2104993	UniProtKB:P10635
CYP2C9	acenocoumarol	154.0	B01AA07		B	Provisional	1B			CHEMBL.COMPOUND:CHEMBL397420	UniProtKB:P11712
CYP4F2	acenocoumarol	154.0	B01AA07		B	Provisional	2A			CHEMBL.COMPOUND:CHEMBL397420	UniProtKB:P78329
CYP2D6	aripiprazole	89013.0	N05AX12		B	Provisional	1A	Actionable PGx		CHEMBL.COMPOUND:CHEMBL1112	UniProtKB:P10635
UGT1A1	belinostat	1543543.0			B	Provisional		Actionable PGx		CHEMBL.COMPOUND:CHEMBL408513	UniProtKB:P22309
CYP2C19	brivaracetam	1739745.0			B	Provisional	3	Actionable PGx		CHEMBL.COMPOUND:CHEMBL607400	UniProtKB:P33261
SCN1A	carbamazepine	2002.0	N03AF01		B	Provisional	2B			CHEMBL.COMPOUND:CHEMBL108	UniProtKB:P35498
NAGS	carglumic acid	401713.0	A16AA05		B	Provisional		Testing required		CHEMBL.COMPOUND:CHEMBL1201780	UniProtKB:Q8N159
CYP2C19	clomipramine	2597.0	N06AA04	https://cpicpgx.org/guidelines/guideline-for-tricyclic-antidepressants-and-cyp2d6-and-cyp2c19/	B	Final	1A		23486447;27997040	CHEMBL.COMPOUND:CHEMBL1200710	UniProtKB:P33261
CYP2D6	clomipramine	2597.0	N06AA04	https://cpicpgx.org/guidelines/guideline-for-tricyclic-antidepressants-and-cyp2d6-and-cyp2c19/	B	Final	1A	Actionable PGx	23486447;27997040	CHEMBL.COMPOUND:CHEMBL1200710	UniProtKB:P10635
CYP2D6	desipramine	3247.0	N06AA01	https://cpicpgx.org/guidelines/guideline-for-tricyclic-antidepressants-and-cyp2d6-and-cyp2c19/	B	Final	1A	Actionable PGx	23486447;27997040	CHEMBL.COMPOUND:CHEMBL1696	UniProtKB:P10635
CYP2C19	dexlansoprazole	816346.0	A02BC06	https://cpicpgx.org/guidelines/cpic-guideline-for-proton-pump-inhibitors-and-cyp2c19/	B	Final	1A	Actionable PGx	32770672	CHEMBL.COMPOUND:CHEMBL1201863	UniProtKB:P33261
CYP2C19	doxepin	3638.0	N06AA12	https://cpicpgx.org/guidelines/guideline-for-tricyclic-antidepressants-and-cyp2d6-and-cyp2c19/	B	Final	1A	Actionable PGx	23486447;27997040	CHEMBL.COMPOUND:CHEMBL1628227	UniProtKB:P33261
CYP2D6	doxepin	3638.0	N06AA12	https://cpicpgx.org/guidelines/guideline-for-tricyclic-antidepressants-and-cyp2d6-and-cyp2c19/	B	Final	1A	Actionable PGx	23486447;27997040	CHEMBL.COMPOUND:CHEMBL1628227	UniProtKB:P10635
CYP2D6	fluvoxamine	42355.0	N06AB08	https://cpicpgx.org/guidelines/guideline-for-selective-serotonin-reuptake-inhibitors-and-cyp2d6-and-cyp2c19/	B	Final	1A	Actionable PGx	25974703	CHEMBL.COMPOUND:CHEMBL1409	UniProtKB:P10635
CYP2D6	hydrocodone	5489.0	R05DA03	https://cpicpgx.org/guidelines/guideline-for-codeine-and-cyp2d6/	B	Final	1A		33387367	CHEMBL.COMPOUND:CHEMBL1201470	UniProtKB:P10635
CYP2C19	imipramine	5691.0	N06AA02	https://cpicpgx.org/guidelines/guideline-for-tricyclic-antidepressants-and-cyp2d6-and-cyp2c19/	B	Final	1A		23486447;27997040	CHEMBL.COMPOUND:CHEMBL11	UniProtKB:P33261
CYP2D6	imipramine	5691.0	N06AA02	https://cpicpgx.org/guidelines/guideline-for-tricyclic-antidepressants-and-cyp2d6-and-cyp2c19/	B	Final	1A	Actionable PGx	23486447;27997040	CHEMBL.COMPOUND:CHEMBL11	UniProtKB:P10635
CYP2B6	methadone	6813.0	N07BC02		B	Provisional	2A			CHEMBL.COMPOUND:CHEMBL1200825	UniProtKB:P20813
HPRT1	mycophenolic acid	7145.0	L04AA06		B	Provisional		Actionable PGx		CHEMBL.COMPOUND:CHEMBL866	UniProtKB:P00492
CYP4F2	phenprocoumon	8150.0	B01AA04		B	Provisional	3			CHEMBL.COMPOUND:CHEMBL16694	UniProtKB:P78329
SCN1A	phenytoin	8183.0	N03AB02, N03AB52		B	Provisional	3			CHEMBL.COMPOUND:CHEMBL16	UniProtKB:P35498
CYP2D6	risperidone	35636.0	N05AX08		B	Provisional	1A	Informative PGx		CHEMBL.COMPOUND:CHEMBL85	UniProtKB:P10635
CYP2C19	sertraline	36437.0	N06AB06	https://cpicpgx.org/guidelines/guideline-for-selective-serotonin-reuptake-inhibitors-and-cyp2d6-and-cyp2c19/	B	Final	1A		25974703	CHEMBL.COMPOUND:CHEMBL1709	UniProtKB:P33261
CYP2C19	trimipramine	10834.0	N06AA06	https://cpicpgx.org/guidelines/guideline-for-tricyclic-antidepressants-and-cyp2d6-and-cyp2c19/	B	Final	1A		23486447;27997040	CHEMBL.COMPOUND:CHEMBL644	UniProtKB:P33261
CYP2D6	trimipramine	10834.0	N06AA06	https://cpicpgx.org/guidelines/guideline-for-tricyclic-antidepressants-and-cyp2d6-and-cyp2c19/	B	Final	1A	Actionable PGx	23486447;27997040	CHEMBL.COMPOUND:CHEMBL644	UniProtKB:P10635
ABL2	valproic acid	11118.0	N03AG01		B	Provisional				CHEMBL.COMPOUND:CHEMBL109	UniProtKB:P42684
ASL	valproic acid	11118.0	N03AG01		B	Provisional				CHEMBL.COMPOUND:CHEMBL109	UniProtKB:P04424
ASS1	valproic acid	11118.0	N03AG01		B	Provisional				CHEMBL.COMPOUND:CHEMBL109	UniProtKB:P00966
CPS1	valproic acid	11118.0	N03AG01		B	Provisional				CHEMBL.COMPOUND:CHEMBL109	UniProtKB:P31327
NAGS	valproic acid	11118.0	N03AG01		B	Provisional				CHEMBL.COMPOUND:CHEMBL109	UniProtKB:Q8N159
OTC	valproic acid	11118.0	N03AG01		B	Provisional		Actionable PGx		CHEMBL.COMPOUND:CHEMBL109	UniProtKB:P00480
HLA-A	allopurinol	519.0	M04AA01, M04AA51		B/C	Provisional	2B			CHEMBL.COMPOUND:CHEMBL1200477	UniProtKB:P04439
NAT2	amifampridine	2106338.0	N07XX05		B/C	Provisional		Actionable PGx		CHEMBL.COMPOUND:CHEMBL354077	UniProtKB:P11245
NAT2	amifampridine phosphate	2106337.0			B/C	Provisional		Actionable PGx		RXNORM:2106337	UniProtKB:P11245
CYP2D6	amoxapine	722.0	N06AA17		B/C	Provisional		Actionable PGx		CHEMBL.COMPOUND:CHEMBL1113	UniProtKB:P10635
CYP2D6	amphetamine	725.0	N06BA01		B/C	Provisional		Informative PGx		CHEMBL.COMPOUND:CHEMBL3544971	UniProtKB:P10635
CYP2D6	aripiprazole lauroxil	1673265.0			B/C	Provisional		Actionable PGx		CHEMBL.COMPOUND:CHEMBL1112	UniProtKB:P10635
ADRB1	atenolol	1202.0	C07AB03		B/C	Provisional				CHEMBL.COMPOUND:CHEMBL1322218	UniProtKB:P08588
GRK5	atenolol	1202.0	C07AB03		B/C	Provisional				CHEMBL.COMPOUND:CHEMBL1322218	UniProtKB:P34947
CYP2C9	avatrombopag	2045726.0	B02BX08		B/C	Provisional		Informative PGx		CHEMBL.COMPOUND:CHEMBL2103883	UniProtKB:P11712
CYP2D6	brexpiprazole	1658314.0			B/C	Provisional		Actionable PGx		CHEMBL.COMPOUND:CHEMBL2105760	UniProtKB:P10635
ADRB1	bucindolol				B/C	Provisional	3			CHEMBL.COMPOUND:CHEMBL321582	UniProtKB:P08588
CYP2B6	bupropion	42347.0	N06AX12		B/C	Provisional	2A			CHEMBL.COMPOUND:CHEMBL894	UniProtKB:P20813
CYP2C19	carisoprodol	2101.0	M03BA02		B/C	Provisional	4	Actionable PGx		CHEMBL.COMPOUND:CHEMBL1233	UniProtKB:P33261
ADRB1	carvedilol	20352.0	C07AG02		B/C	Provisional	3			CHEMBL.COMPOUND:CHEMBL1201167	UniProtKB:P08588
CYP2D6	carvedilol	20352.0	C07AG02		B/C	Provisional	3	Actionable PGx		CHEMBL.COMPOUND:CHEMBL1201167	UniProtKB:P10635
GRK5	carvedilol	20352.0	C07AG02		B/C	Provisional				CHEMBL.COMPOUND:CHEMBL1201167	UniProtKB:P34947
CYP2D6	cevimeline	44281.0	N07AX03		B/C	Provisional		Actionable PGx		CHEMBL.COMPOUND:CHEMBL168815	UniProtKB:P10635
SLC6A4	citalopram	2556.0	N06AB04		B/C	Provisional	3			CHEMBL.COMPOUND:CHEMBL1200781	UniProtKB:P31645
CYP2C19	clobazam	21241.0	N05BA09		B/C	Provisional	3	Actionable PGx		CHEMBL.COMPOUND:CHEMBL70418	UniProtKB:P33261
CYP2D6	clozapine	2626.0	N05AH02		B/C	Provisional		Actionable PGx		CHEMBL.COMPOUND:CHEMBL538973	UniProtKB:P10635
SLC28A3	daunorubicin	3109.0	L01DB02		B/C	Provisional				CHEMBL.COMPOUND:CHEMBL1563	UniProtKB:Q9HAS3
CYP2D6	deutetrabenazine	1876905.0			B/C	Provisional		Actionable PGx		CHEMBL.COMPOUND:CHEMBL3137326	UniProtKB:P10635
CYP2D6	dextromethorphan	3289.0	R05DA09		B/C	Provisional	3			CHEMBL.COMPOUND:CHEMBL52440	UniProtKB:P10635
CYP2C19	diazepam	3322.0	N05BA01		B/C	Provisional	3	Actionable PGx		CHEMBL.COMPOUND:CHEMBL12	UniProtKB:P33261
UGT1A1	dolutegravir	1433868.0			B/C	Provisional		Actionable PGx		CHEMBL.COMPOUND:CHEMBL1229211	UniProtKB:P22309
CYP2D6	donepezil	135447.0	N06DA02		B/C	Provisional	3	Actionable PGx		CHEMBL.COMPOUND:CHEMBL1678	UniProtKB:P10635
SLC28A3	doxorubicin	3639.0	L01DB01		B/C	Provisional				CHEMBL.COMPOUND:CHEMBL53463	UniProtKB:Q9HAS3
CYP2C9	dronabinol	224925.0	A04AD10		B/C	Provisional		Actionable PGx		CHEMBL.COMPOUND:CHEMBL465	UniProtKB:P11712
SLCO1B1	elagolix	2049846.0			B/C	Provisional		Actionable PGx		CHEMBL.COMPOUND:CHEMBL1208155	UniProtKB:Q9Y6L6
CYP2C9	erdafitinib	2123125.0			B/C	Provisional		Actionable PGx		CHEMBL.COMPOUND:CHEMBL3545376	UniProtKB:P11712
SLC6A4	escitalopram	321988.0	N06AB10		B/C	Provisional	3			CHEMBL.COMPOUND:CHEMBL1200322	UniProtKB:P31645
CYP2D6	flecainide	4441.0	C01BC04		B/C	Provisional	1A			CHEMBL.COMPOUND:CHEMBL1200822	UniProtKB:P10635
CYP2D6	gefitinib	328134.0	L01XE02		B/C	Provisional	3	Actionable PGx		CHEMBL.COMPOUND:CHEMBL939	UniProtKB:P10635
CYP2D6	haloperidol	5093.0	N05AD01		B/C	Provisional	1A			CHEMBL.COMPOUND:CHEMBL54	UniProtKB:P10635
CYP2D6	iloperidone	73178.0			B/C	Provisional	3	Actionable PGx		CHEMBL.COMPOUND:CHEMBL14376	UniProtKB:P10635
CYP2D6	labetalol	6185.0	C07AG01		B/C	Provisional				CHEMBL.COMPOUND:CHEMBL1200323	UniProtKB:P10635
HLA-DRB1	lapatinib	480167.0	L01XE07		B/C	Provisional	3	Actionable PGx		CHEMBL.COMPOUND:CHEMBL1201179	UniProtKB:P01911
CYP2C9	lesinurad	1731031.0			B/C	Provisional		Actionable PGx		CHEMBL.COMPOUND:CHEMBL2105720	UniProtKB:P11712
G6PD	lidocaine	6387.0	C01BB01, C05AD01, D04AB01, N01BB02, R02AD02, S01HA07, S02DA01		B/C	Provisional				CHEMBL.COMPOUND:CHEMBL79	UniProtKB:P11413
MTHFR	l-methylfolate	1025342.0			B/C	Provisional	3			VANDF:4024928	UniProtKB:P42898
CYP2D6	lofexidine	28863.0	N07BC04		B/C	Provisional		Actionable PGx		CHEMBL.COMPOUND:CHEMBL1788132	UniProtKB:P10635
CYP2D6	meclizine	6676.0	R06AE05		B/C	Provisional		Actionable PGx		CHEMBL.COMPOUND:CHEMBL1623	UniProtKB:P10635
CYP2D6	metoclopramide	6915.0	A03FA01		B/C	Provisional		Actionable PGx		CHEMBL.COMPOUND:CHEMBL86	UniProtKB:P10635
ADRB1	metoprolol	6918.0	C07AB02		B/C	Provisional	3			CHEMBL.COMPOUND:CHEMBL1200337	UniProtKB:P08588
CYP2D6	metoprolol	6918.0	C07AB02		B/C	Provisional	1A	Informative PGx		CHEMBL.COMPOUND:CHEMBL1200337	UniProtKB:P10635
GRK5	metoprolol	6918.0	C07AB02		B/C	Provisional				CHEMBL.COMPOUND:CHEMBL1200337	UniProtKB:P34947
CYP2D6	mirabegron	1300786.0			B/C	Provisional		Actionable PGx		CHEMBL.COMPOUND:CHEMBL2095212	UniProtKB:P10635
CYP2D6	mirtazapine	15996.0	N06AX11		B/C	Provisional	2A			CHEMBL.COMPOUND:CHEMBL654	UniProtKB:P10635
BCHE	mivacurium	30077.0	M03AC		B/C	Provisional		Actionable PGx		CHEMBL.COMPOUND:CHEMBL984	UniProtKB:P06276
CYP2D6	nebivolol	31555.0	C07AB12		B/C	Provisional		Informative PGx		CHEMBL.COMPOUND:CHEMBL1201731	UniProtKB:P10635
CYP2B6	nevirapine	53654.0	J05AG01		B/C	Provisional	2A			CHEMBL.COMPOUND:CHEMBL57	UniProtKB:P20813
UGT1A1	nilotinib	662281.0	L01XE08		B/C	Provisional	3	Actionable PGx		CHEMBL.COMPOUND:CHEMBL255863	UniProtKB:P22309
HLA-B	pazopanib	714438.0	L01XE		B/C	Provisional		Actionable PGx		CHEMBL.COMPOUND:CHEMBL1201733	UniProtKB:P01889
UGT1A1	pazopanib	714438.0	L01XE		B/C	Provisional	3	Actionable PGx		CHEMBL.COMPOUND:CHEMBL1201733	UniProtKB:P22309
CYP2D6	perphenazine	8076.0	N05AB03		B/C	Provisional		Actionable PGx		CHEMBL.COMPOUND:CHEMBL567	UniProtKB:P10635
NAT2	procainamide	8700.0	C01BA02		B/C	Provisional		Informative PGx		CHEMBL.COMPOUND:CHEMBL605	UniProtKB:P11245
CYP2D6	propafenone	8754.0	C01BC03		B/C	Provisional	1A	Actionable PGx		CHEMBL.COMPOUND:CHEMBL1201063	UniProtKB:P10635
CYP2D6	propranolol	8787.0	C07AA05		B/C	Provisional	4	Informative PGx		CHEMBL.COMPOUND:CHEMBL1671	UniProtKB:P10635
CYP2D6	protriptyline	8886.0	N06AA11		B/C	Provisional		Actionable PGx		CHEMBL.COMPOUND:CHEMBL1200332	UniProtKB:P10635
UGT1A1	raltegravir	719872.0			B/C	Provisional		Informative PGx		CHEMBL.COMPOUND:CHEMBL254316	UniProtKB:P22309
BCHE	succinylcholine	10154.0	M03AB01		B/C	Provisional	3	Actionable PGx		CHEMBL.COMPOUND:CHEMBL703	UniProtKB:P06276
NAT2	sulfamethoxazole / trimethoprim	10831.0			B/C	Provisional	3	Actionable PGx		RXNORM:10831	UniProtKB:P11245
NAT2	sulfasalazine	9524.0	A07EC01		B/C	Provisional		Actionable PGx		CHEMBL.COMPOUND:CHEMBL421	UniProtKB:P11245
CYP2D6	tamsulosin	77492.0	G04CA02		B/C	Provisional		Actionable PGx		CHEMBL.COMPOUND:CHEMBL1200914	UniProtKB:P10635
CYP2D6	thioridazine	10502.0	N05AC02		B/C	Provisional	3	Actionable PGx		CHEMBL.COMPOUND:CHEMBL479	UniProtKB:P10635
CYP2D6	timolol	10600.0	C07AA06, S01ED01		B/C	Provisional	3			CHEMBL.COMPOUND:CHEMBL499	UniProtKB:P10635
CYP2D6	valbenazine	1918219.0			B/C	Provisional		Actionable PGx		CHEMBL.COMPOUND:CHEMBL2364639	UniProtKB:P10635
CYP2D6	zuclopenthixol	114176.0	N05AF05		B/C	Provisional	1A			CHEMBL.COMPOUND:CHEMBL3989892	UniProtKB:P10635
CYP2C9	aceclofenac	16689.0	M01AB16	https://cpicpgx.org/guidelines/cpic-guideline-for-nsaids-based-on-cyp2c9-genotype/	C	Final			32189324	CHEMBL.COMPOUND:CHEMBL139	UniProtKB:P11712
TNF	adalimumab	327361.0	L04AB04		C	Provisional				CHEMBL.COMPOUND:CHEMBL1201580	UniProtKB:P01375
COMT	alfentanil	480.0	N01AH02	https://cpicpgx.org/guidelines/guideline-for-codeine-and-cyp2d6/	C	Final			33387367	CHEMBL.COMPOUND:CHEMBL1200531	UniProtKB:P21964
OPRM1	alfentanil	480.0	N01AH02	https://cpicpgx.org/guidelines/guideline-for-codeine-and-cyp2d6/	C	Final	3		33387367	CHEMBL.COMPOUND:CHEMBL1200531	UniProtKB:P35372
HLA-C	allopurinol	519.0	M04AA01, M04AA51		C	Provisional	2B			CHEMBL.COMPOUND:CHEMBL1200477	UniProtKB:P10321
G6PD	aminosalicylic acid	7833.0	J04AA01	https://cpicpgx.org/guidelines/cpic-guideline-for-g6pd/	C	Final			36049896	CHEMBL.COMPOUND:CHEMBL1169	UniProtKB:P11413
MC4R	amisulpride	46303.0	N05AL05		C	Provisional	3			CHEMBL.COMPOUND:CHEMBL277945	UniProtKB:P32245
MC4R	aripiprazole	89013.0	N05AX12		C	Provisional	3			CHEMBL.COMPOUND:CHEMBL1112	UniProtKB:P32245
CYP2C9	aspirin	1191.0	A01AD05, B01AC06, B01AC56, C10BX01, C10BX02, C10BX04, C10BX05, C10BX06, C10BX08, M01BA03, N02BA01, N02BA51, N02BA71	https://cpicpgx.org/guidelines/cpic-guideline-for-nsaids-based-on-cyp2c9-genotype/	C	Final			32189324	CHEMBL.COMPOUND:CHEMBL25	UniProtKB:P11712
G6PD	aspirin	1191.0	A01AD05, B01AC06, B01AC56, C10BX01, C10BX02, C10BX04, C10BX05, C10BX06, C10BX08, M01BA03, N02BA01, N02BA51, N02BA71	https://cpicpgx.org/guidelines/cpic-guideline-for-g6pd/	C	Final	3		36049896	CHEMBL.COMPOUND:CHEMBL25	UniProtKB:P11413
HLA-DPB1	aspirin	1191.0	A01AD05, B01AC06, B01AC56, C10BX01, C10BX02, C10BX04, C10BX05, C10BX06, C10BX08, M01BA03, N02BA01, N02BA51, N02BA71		C	Provisional	2B			CHEMBL.COMPOUND:CHEMBL25	UniProtKB:P04440
CFTR	ataluren		M09AX03		C	Provisional	3			CHEMBL.COMPOUND:CHEMBL256997	UniProtKB:P13569
CYP3A4	atorvastatin	83367.0	C10AA05	https://cpicpgx.org/guidelines/cpic-guideline-for-statins/	C	Final	3			CHEMBL.COMPOUND:CHEMBL1487	UniProtKB:P08684
CYP3A5	atorvastatin	83367.0	C10AA05	https://cpicpgx.org/guidelines/cpic-guideline-for-statins/	C	Final	3			CHEMBL.COMPOUND:CHEMBL1487	UniProtKB:P20815
HMGCR	atorvastatin	83367.0	C10AA05	https://cpicpgx.org/guidelines/cpic-guideline-for-statins/	C	Final	3			CHEMBL.COMPOUND:CHEMBL1487	UniProtKB:P04035
COMT	buprenorphine	1819.0	N02AE01, N07BC01	https://cpicpgx.org/guidelines/guideline-for-codeine-and-cyp2d6/	C	Final	3		33387367	CHEMBL.COMPOUND:CHEMBL560511	UniProtKB:P21964
OPRM1	buprenorphine	1819.0	N02AE01, N07BC01	https://cpicpgx.org/guidelines/guideline-for-codeine-and-cyp2d6/	C	Final	3		33387367	CHEMBL.COMPOUND:CHEMBL560511	UniProtKB:P35372
HLA-B	carbimazole	2020.0	H03BB01		C	Provisional	3			CHEMBL.COMPOUND:CHEMBL508102	UniProtKB:P01889
MTHFR	carboplatin	40048.0	L01XA02		C	Provisional	3			CHEMBL.COMPOUND:CHEMBL1351	UniProtKB:P42898
G6PD	chloramphenicol	2348.0	D06AX02, D10AF03, G01AA05, J01BA01, S01AA01, S02AA01, S03AA08	https://cpicpgx.org/guidelines/cpic-guideline-for-g6pd/	C	Final	3		36049896	CHEMBL.COMPOUND:CHEMBL130	UniProtKB:P11413
G6PD	chloroquine	2393.0	P01BA01	https://cpicpgx.org/guidelines/cpic-guideline-for-g6pd/	C	Final	4	Actionable PGx	36049896	CHEMBL.COMPOUND:CHEMBL76	UniProtKB:P11413
G6PD	chlorpropamide	2404.0	A10BB02	https://cpicpgx.org/guidelines/cpic-guideline-for-g6pd/	C	Final		Actionable PGx	36049896	CHEMBL.COMPOUND:CHEMBL498	UniProtKB:P11413
G6PD	ciprofloxacin	2551.0	J01MA02, S01AE03, S02AA15, S03AA07	https://cpicpgx.org/guidelines/cpic-guideline-for-g6pd/	C	Final	3		36049896	CHEMBL.COMPOUND:CHEMBL8	UniProtKB:P11413
COMT	citalopram	2556.0	N06AB04		C	Provisional				CHEMBL.COMPOUND:CHEMBL1200781	UniProtKB:P21964
GRIK4	citalopram	2556.0	N06AB04		C	Provisional				CHEMBL.COMPOUND:CHEMBL1200781	UniProtKB:Q16099
HTR2A	citalopram	2556.0	N06AB04		C	Provisional	3			CHEMBL.COMPOUND:CHEMBL1200781	UniProtKB:P28223
CES1	clopidogrel	32968.0	B01AC04		C	Provisional	2B			CHEMBL.COMPOUND:CHEMBL1083385	UniProtKB:P23141
HTR2C	clozapine	2626.0	N05AH02		C	Provisional	3			CHEMBL.COMPOUND:CHEMBL538973	UniProtKB:P28335
MC4R	clozapine	2626.0	N05AH02		C	Provisional	3			CHEMBL.COMPOUND:CHEMBL538973	UniProtKB:P32245
COMT	codeine	2670.0	R05DA04, N02AA59, N02AA79	https://cpicpgx.org/guidelines/guideline-for-codeine-and-cyp2d6/	C	Final			33387367	CHEMBL.COMPOUND:CHEMBL284671	UniProtKB:P21964
OPRM1	codeine	2670.0	R05DA04, N02AA59, N02AA79	https://cpicpgx.org/guidelines/guideline-for-codeine-and-cyp2d6/	C	Final	3		33387367	CHEMBL.COMPOUND:CHEMBL284671	UniProtKB:P35372
CYP3A5	cyclosporine	3008.0	L04AD01, S01XA18		C	Provisional	3			CHEMBL.COMPOUND:CHEMBL160	UniProtKB:P20815
G6PD	dabrafenib	1424911.0		https://cpicpgx.org/guidelines/cpic-guideline-for-g6pd/	C	Final		Actionable PGx	36049896	CHEMBL.COMPOUND:CHEMBL2028663	UniProtKB:P11413
HLA-B	dapsone	3108.0	D10AX05, J04BA02		C	Provisional	2A			CHEMBL.COMPOUND:CHEMBL1043	UniProtKB:P01889
CYP2D6	darifenacin	136198.0	G04BD10		C	Provisional		Actionable PGx		CHEMBL.COMPOUND:CHEMBL1346	UniProtKB:P10635
CYP2C8	diclofenac	3355.0	D11AX18, M01AB05, M02AA15, S01BC03	https://cpicpgx.org/guidelines/cpic-guideline-for-nsaids-based-on-cyp2c9-genotype/	C	Final	3		32189324	CHEMBL.COMPOUND:CHEMBL139	UniProtKB:P10632
CYP2C9	diclofenac	3355.0	D11AX18, M01AB05, M02AA15, S01BC03	https://cpicpgx.org/guidelines/cpic-guideline-for-nsaids-based-on-cyp2c9-genotype/	C	Final	3		32189324	CHEMBL.COMPOUND:CHEMBL139	UniProtKB:P11712
ABCB1	digoxin	3407.0	C01AA05		C	Provisional	3			CHEMBL.COMPOUND:CHEMBL3039191	UniProtKB:P08183
G6PD	dimercaprol	3445.0	V03AB09	https://cpicpgx.org/guidelines/cpic-guideline-for-g6pd/	C	Final	3		36049896	CHEMBL.COMPOUND:CHEMBL1597	UniProtKB:P11413
CYP2D6	dolasetron	68091.0	A04AA04		C	Provisional	4			CHEMBL.COMPOUND:CHEMBL1237118	UniProtKB:P10635
G6PD	doxorubicin	3639.0	L01DB01	https://cpicpgx.org/guidelines/cpic-guideline-for-g6pd/	C	Final			36049896	CHEMBL.COMPOUND:CHEMBL53463	UniProtKB:P11413
CYP2D6	duloxetine	72625.0	N06AX21		C	Provisional		Actionable PGx		CHEMBL.COMPOUND:CHEMBL1175	UniProtKB:P10635
F5	eltrombopag	711942.0	B02BX		C	Provisional		Actionable PGx		CHEMBL.COMPOUND:CHEMBL3989691	UniProtKB:P12259
COMT	escitalopram	321988.0	N06AB10		C	Provisional				CHEMBL.COMPOUND:CHEMBL1200322	UniProtKB:P21964
GRIK4	escitalopram	321988.0	N06AB10		C	Provisional				CHEMBL.COMPOUND:CHEMBL1200322	UniProtKB:Q16099
CYP2C19	esomeprazole	283742.0	A02BC05	https://cpicpgx.org/guidelines/cpic-guideline-for-proton-pump-inhibitors-and-cyp2c19/	C	Final	3	Actionable PGx	32770672	CHEMBL.COMPOUND:CHEMBL1200470	UniProtKB:P33261
TNF	etanercept	214555.0	L04AB01		C	Provisional	2B			CHEMBL.COMPOUND:CHEMBL1201572	UniProtKB:P01375
ABCB1	fentanyl	4337.0	N01AH01, N02AB03		C	Provisional	3			CHEMBL.COMPOUND:CHEMBL596	UniProtKB:P08183
COMT	fentanyl	4337.0	N01AH01, N02AB03	https://cpicpgx.org/guidelines/guideline-for-codeine-and-cyp2d6/	C	Final	3		33387367	CHEMBL.COMPOUND:CHEMBL596	UniProtKB:P21964
OPRM1	fentanyl	4337.0	N01AH01, N02AB03	https://cpicpgx.org/guidelines/guideline-for-codeine-and-cyp2d6/	C	Final	3		33387367	CHEMBL.COMPOUND:CHEMBL596	UniProtKB:P35372
CYP2D6	fesoterodine	797195.0	G04BD11		C	Provisional		Actionable PGx		CHEMBL.COMPOUND:CHEMBL1201764	UniProtKB:P10635
CYP2C19	flibanserin	1665509.0			C	Provisional		Actionable PGx		CHEMBL.COMPOUND:CHEMBL231068	UniProtKB:P33261
CYP2C9	flibanserin	1665509.0			C	Provisional		Actionable PGx		CHEMBL.COMPOUND:CHEMBL231068	UniProtKB:P11712
CYP2D6	flibanserin	1665509.0			C	Provisional		Actionable PGx		CHEMBL.COMPOUND:CHEMBL231068	UniProtKB:P10635
CYP2D6	fluoxetine	4493.0	N06AB03		C	Provisional	3	Informative PGx		CHEMBL.COMPOUND:CHEMBL1201082	UniProtKB:P10635
GRIK4	fluoxetine	4493.0	N06AB03		C	Provisional				CHEMBL.COMPOUND:CHEMBL1201082	UniProtKB:Q16099
CYP3A4	fluvastatin	41127.0	C10AA04	https://cpicpgx.org/guidelines/cpic-guideline-for-statins/	C	Final	3			CHEMBL.COMPOUND:CHEMBL241778	UniProtKB:P08684
CYP3A5	fluvastatin	41127.0	C10AA04	https://cpicpgx.org/guidelines/cpic-guideline-for-statins/	C	Final				CHEMBL.COMPOUND:CHEMBL241778	UniProtKB:P20815
HMGCR	fluvastatin	41127.0	C10AA04	https://cpicpgx.org/guidelines/cpic-guideline-for-statins/	C	Final	3			CHEMBL.COMPOUND:CHEMBL241778	UniProtKB:P04035
G6PD	furazolidone	4601.0	G01AX06	https://cpicpgx.org/guidelines/cpic-guideline-for-g6pd/	C	Final			36049896	CHEMBL.COMPOUND:CHEMBL1103	UniProtKB:P11413
CYP2D6	galantamine	4637.0	N06DA04		C	Provisional	3	Informative PGx		CHEMBL.COMPOUND:CHEMBL659	UniProtKB:P10635
G6PD	gliclazide	4816.0	A10BB09	https://cpicpgx.org/guidelines/cpic-guideline-for-g6pd/	C	Final			36049896	CHEMBL.COMPOUND:CHEMBL427216	UniProtKB:P11413
G6PD	glimepiride	25789.0	A10BB12	https://cpicpgx.org/guidelines/cpic-guideline-for-g6pd/	C	Final		Actionable PGx		CHEMBL.COMPOUND:CHEMBL1481	UniProtKB:P11413
G6PD	glipizide	4821.0	A10BB07	https://cpicpgx.org/guidelines/cpic-guideline-for-g6pd/	C	Final		Actionable PGx	36049896	CHEMBL.COMPOUND:CHEMBL1073	UniProtKB:P11413
G6PD	glyburide	4815.0	A10BB01	https://cpicpgx.org/guidelines/cpic-guideline-for-g6pd/	C	Final	3	Actionable PGx	36049896	CHEMBL.COMPOUND:CHEMBL472	UniProtKB:P11413
MC4R	haloperidol	5093.0	N05AD01		C	Provisional	3			CHEMBL.COMPOUND:CHEMBL54	UniProtKB:P32245
F5	hormonal contraceptives for systemic use		G03A		C	Provisional	1A			UMLS:C3653707	UniProtKB:P12259
COMT	hydrocodone	5489.0	R05DA03	https://cpicpgx.org/guidelines/guideline-for-codeine-and-cyp2d6/	C	Final			33387367	CHEMBL.COMPOUND:CHEMBL1201470	UniProtKB:P21964
OPRM1	hydrocodone	5489.0	R05DA03	https://cpicpgx.org/guidelines/guideline-for-codeine-and-cyp2d6/	C	Final	3		33387367	CHEMBL.COMPOUND:CHEMBL1201470	UniProtKB:P35372
COMT	hydromorphone	3423.0	N02AA03	https://cpicpgx.org/guidelines/guideline-for-codeine-and-cyp2d6/	C	Final			33387367	CHEMBL.COMPOUND:CHEMBL398707	UniProtKB:P21964
OPRM1	hydromorphone	3423.0	N02AA03	https://cpicpgx.org/guidelines/guideline-for-codeine-and-cyp2d6/	C	Final			33387367	CHEMBL.COMPOUND:CHEMBL398707	UniProtKB:P35372
G6PD	hydroxychloroquine	5521.0	P01BA02	https://cpicpgx.org/guidelines/cpic-guideline-for-g6pd/	C	Final		Actionable PGx	36049896	CHEMBL.COMPOUND:CHEMBL1690	UniProtKB:P11413
CYP2C8	ibuprofen	5640.0	C01EB16, G02CC01, M01AE01, M02AA13	https://cpicpgx.org/guidelines/cpic-guideline-for-nsaids-based-on-cyp2c9-genotype/	C	Final	3		32189324	CHEMBL.COMPOUND:CHEMBL521	UniProtKB:P10632
CYP2C9	indomethacin	5781.0	C01EB03	https://cpicpgx.org/guidelines/cpic-guideline-for-nsaids-based-on-cyp2c9-genotype/	C	Final	3		32189324	CHEMBL.COMPOUND:CHEMBL3989410	UniProtKB:P11712
TNF	infliximab	191831.0	L04AB02		C	Provisional	3			CHEMBL.COMPOUND:CHEMBL1201581	UniProtKB:P01375
NAT2	isoniazid	6038.0	J04AC01		C	Provisional	1B			CHEMBL.COMPOUND:CHEMBL64	UniProtKB:P11245
HLA-DQA1	lapatinib	480167.0	L01XE07		C	Provisional	3	Actionable PGx		CHEMBL.COMPOUND:CHEMBL1201179	UniProtKB:P01906
COMT	levomethadone	236913.0	N07BC05	https://cpicpgx.org/guidelines/guideline-for-codeine-and-cyp2d6/	C	Final			33387367	CHEMBL.COMPOUND:CHEMBL159659	UniProtKB:P21964
OPRM1	levomethadone	236913.0	N07BC05	https://cpicpgx.org/guidelines/guideline-for-codeine-and-cyp2d6/	C	Final			33387367	CHEMBL.COMPOUND:CHEMBL159659	UniProtKB:P35372
CYP3A4	lovastatin	6472.0	C10AA02	https://cpicpgx.org/guidelines/cpic-guideline-for-statins/	C	Final				CHEMBL.COMPOUND:CHEMBL503	UniProtKB:P08684
CYP3A5	lovastatin	6472.0	C10AA02	https://cpicpgx.org/guidelines/cpic-guideline-for-statins/	C	Final	3			CHEMBL.COMPOUND:CHEMBL503	UniProtKB:P20815
HMGCR	lovastatin	6472.0	C10AA02	https://cpicpgx.org/guidelines/cpic-guideline-for-statins/	C	Final	3			CHEMBL.COMPOUND:CHEMBL503	UniProtKB:P04035
CYP2C9	lumiracoxib		M01AH06	https://cpicpgx.org/guidelines/cpic-guideline-for-nsaids-based-on-cyp2c9-genotype/	C	Final			32189324	CHEMBL.COMPOUND:CHEMBL404108	UniProtKB:P11712
G6PD	mafenide	6572.0		https://cpicpgx.org/guidelines/cpic-guideline-for-g6pd/	C	Final		Actionable PGx	36049896	CHEMBL.COMPOUND:CHEMBL419	UniProtKB:P11413
G6PD	mepacrine	9061.0	P01AX05	https://cpicpgx.org/guidelines/cpic-guideline-for-g6pd/	C	Final			36049896	CHEMBL.COMPOUND:CHEMBL554190	UniProtKB:P11413
G6PD	mesalazine	52582.0	A07EC02	https://cpicpgx.org/guidelines/cpic-guideline-for-g6pd/	C	Final			36049896	CHEMBL.COMPOUND:CHEMBL1200760	UniProtKB:P11413
COMT	methadone	6813.0	N07BC02	https://cpicpgx.org/guidelines/guideline-for-codeine-and-cyp2d6/	C	Final	3		33387367	CHEMBL.COMPOUND:CHEMBL1200825	UniProtKB:P21964
CYP2D6	methadone	6813.0	N07BC02	https://cpicpgx.org/guidelines/guideline-for-codeine-and-cyp2d6/	C	Final	3		33387367	CHEMBL.COMPOUND:CHEMBL1200825	UniProtKB:P10635
OPRM1	methadone	6813.0	N07BC02	https://cpicpgx.org/guidelines/guideline-for-codeine-and-cyp2d6/	C	Final	3		33387367	CHEMBL.COMPOUND:CHEMBL1200825	UniProtKB:P35372
HLA-B	methazolamide	6826.0	S01EC05		C	Provisional	2A			CHEMBL.COMPOUND:CHEMBL19	UniProtKB:P01889
HLA-C	methazolamide	6826.0	S01EC05		C	Provisional	2B			CHEMBL.COMPOUND:CHEMBL19	UniProtKB:P10321
HLA-B	methimazole	6835.0	H03BB02		C	Provisional	3			CHEMBL.COMPOUND:CHEMBL1515	UniProtKB:P01889
ABCB1	methotrexate	6851.0	L01BA01, L04AX03		C	Provisional	3			CHEMBL.COMPOUND:CHEMBL34259	UniProtKB:P08183
MTHFR	methotrexate	6851.0	L01BA01, L04AX03		C	Provisional	2A			CHEMBL.COMPOUND:CHEMBL34259	UniProtKB:P42898
SLCO1B1	methotrexate	6851.0	L01BA01, L04AX03		C	Provisional	3			CHEMBL.COMPOUND:CHEMBL34259	UniProtKB:Q9Y6L6
CYP2D6	methylphenidate	6901.0	N06BA04		C	Provisional	3			CHEMBL.COMPOUND:CHEMBL1722	UniProtKB:P10635
CYP2D6	modafinil	30125.0	N06BA07		C	Provisional		Actionable PGx		CHEMBL.COMPOUND:CHEMBL1373	UniProtKB:P10635
COMT	morphine	7052.0	N02AA01	https://cpicpgx.org/guidelines/guideline-for-codeine-and-cyp2d6/	C	Final	3		33387367	CHEMBL.COMPOUND:CHEMBL2106851	UniProtKB:P21964
OPRM1	morphine	7052.0	N02AA01	https://cpicpgx.org/guidelines/guideline-for-codeine-and-cyp2d6/	C	Final	3		33387367	CHEMBL.COMPOUND:CHEMBL2106851	UniProtKB:P35372
G6PD	moxifloxacin	139462.0	J01MA14, S01AE07	https://cpicpgx.org/guidelines/cpic-guideline-for-g6pd/	C	Final			36049896	CHEMBL.COMPOUND:CHEMBL32	UniProtKB:P11413
CYP2C9	nabumetone	31448.0	M01AX01	https://cpicpgx.org/guidelines/cpic-guideline-for-nsaids-based-on-cyp2c9-genotype/	C	Final			32189324	CHEMBL.COMPOUND:CHEMBL1070	UniProtKB:P11712
G6PD	nalidixic acid	7240.0	J01MB02	https://cpicpgx.org/guidelines/cpic-guideline-for-g6pd/	C	Final		Actionable PGx	36049896	CHEMBL.COMPOUND:CHEMBL5	UniProtKB:P11413
OPRM1	naloxone	7242.0	V03AB15		C	Provisional	3			CHEMBL.COMPOUND:CHEMBL1718	UniProtKB:P35372
COMT	naltrexone	7243.0	N07BB04	https://cpicpgx.org/guidelines/guideline-for-codeine-and-cyp2d6/	C	Final			33387367	CHEMBL.COMPOUND:CHEMBL1201149	UniProtKB:P21964
OPRM1	naltrexone	7243.0	N07BB04	https://cpicpgx.org/guidelines/guideline-for-codeine-and-cyp2d6/	C	Final	4		33387367	CHEMBL.COMPOUND:CHEMBL1201149	UniProtKB:P35372
CYP2C9	naproxen	7258.0	M01AE56	https://cpicpgx.org/guidelines/cpic-guideline-for-nsaids-based-on-cyp2c9-genotype/	C	Final	3		32189324	CHEMBL.COMPOUND:CHEMBL154	UniProtKB:P11712
ABCB1	nevirapine	53654.0	J05AG01		C	Provisional	3			CHEMBL.COMPOUND:CHEMBL57	UniProtKB:P08183
HLA-B	nevirapine	53654.0	J05AG01		C	Provisional	3			CHEMBL.COMPOUND:CHEMBL57	UniProtKB:P01889
HLA-DRB1	nevirapine	53654.0	J05AG01		C	Provisional	2B			CHEMBL.COMPOUND:CHEMBL57	UniProtKB:P01911
G6PD	nicorandil	31748.0	C01DX16	https://cpicpgx.org/guidelines/cpic-guideline-for-g6pd/	C	Final			36049896	CHEMBL.COMPOUND:CHEMBL284906	UniProtKB:P11413
G6PD	nitrofural	7455.0	B05CA03, D08AF01, D09AA03, P01CC02, S01AX04, S02AA02	https://cpicpgx.org/guidelines/cpic-guideline-for-g6pd/	C	Final			36049896	ATC:P01CC02	UniProtKB:P11413
G6PD	norfloxacin	7517.0	J01MA06, S01AE02	https://cpicpgx.org/guidelines/cpic-guideline-for-g6pd/	C	Final		Actionable PGx	36049896	CHEMBL.COMPOUND:CHEMBL9	UniProtKB:P11413
G6PD	ofloxacin	7623.0	J01MA01, S01AE01, S02AA16	https://cpicpgx.org/guidelines/cpic-guideline-for-g6pd/	C	Final			36049896	CHEMBL.COMPOUND:CHEMBL4	UniProtKB:P11413
HTR2C	olanzapine	61381.0	N05AH03		C	Provisional	3			CHEMBL.COMPOUND:CHEMBL715	UniProtKB:P28335
MC4R	olanzapine	61381.0	N05AH03		C	Provisional	3			CHEMBL.COMPOUND:CHEMBL715	UniProtKB:P32245
HLA-A	oxcarbazepine	32624.0	N03AF02	https://cpicpgx.org/guidelines/guideline-for-carbamazepine-and-hla-b/	C	Final	3		29392710	CHEMBL.COMPOUND:CHEMBL1068	UniProtKB:P04439
COMT	oxycodone	7804.0	N02AA05	https://cpicpgx.org/guidelines/guideline-for-codeine-and-cyp2d6/	C	Final	3		33387367	CHEMBL.COMPOUND:CHEMBL656	UniProtKB:P21964
CYP2D6	oxycodone	7804.0	N02AA05	https://cpicpgx.org/guidelines/guideline-for-codeine-and-cyp2d6/	C	Final	2A		33387367	CHEMBL.COMPOUND:CHEMBL656	UniProtKB:P10635
OPRM1	oxycodone	7804.0	N02AA05	https://cpicpgx.org/guidelines/guideline-for-codeine-and-cyp2d6/	C	Final	3		33387367	CHEMBL.COMPOUND:CHEMBL656	UniProtKB:P35372
MC4R	paliperidone	679314.0	N05AX13		C	Provisional	3			CHEMBL.COMPOUND:CHEMBL1621	UniProtKB:P32245
CYP2D6	palonosetron	70561.0	A04AA05		C	Provisional		Informative PGx		CHEMBL.COMPOUND:CHEMBL1697725	UniProtKB:P10635
GRIK4	paroxetine	32937.0	N06AB05		C	Provisional				CHEMBL.COMPOUND:CHEMBL1256912	UniProtKB:Q16099
G6PD	phenazopyridine	8120.0	G04BX06	https://cpicpgx.org/guidelines/cpic-guideline-for-g6pd/	C	Final	3		36049896	CHEMBL.COMPOUND:CHEMBL1201022	UniProtKB:P11413
CYP3A4	pravastatin	42463.0	C10AA03	https://cpicpgx.org/guidelines/cpic-guideline-for-statins/	C	Final				CHEMBL.COMPOUND:CHEMBL690	UniProtKB:P08684
CYP3A5	pravastatin	42463.0	C10AA03	https://cpicpgx.org/guidelines/cpic-guideline-for-statins/	C	Final				CHEMBL.COMPOUND:CHEMBL690	UniProtKB:P20815
G6PD	probenecid	8698.0	M04AB01	https://cpicpgx.org/guidelines/cpic-guideline-for-g6pd/	C	Final		Actionable PGx	36049896	CHEMBL.COMPOUND:CHEMBL897	UniProtKB:P11413
HLA-B	propylthiouracil	8794.0	H03BA02		C	Provisional	3			CHEMBL.COMPOUND:CHEMBL1518	UniProtKB:P01889
MC4R	quetiapine	51272.0	N05AH04		C	Provisional	3			CHEMBL.COMPOUND:CHEMBL3188993	UniProtKB:P32245
CYP2D6	quinidine	9068.0	C01BA01		C	Provisional		Informative PGx		CHEMBL.COMPOUND:CHEMBL1201486	UniProtKB:P10635
CYP2D6	quinine	9071.0	P01BC01		C	Provisional		Actionable PGx		CHEMBL.COMPOUND:CHEMBL2359966	UniProtKB:P10635
G6PD	quinine	9071.0	P01BC01	https://cpicpgx.org/guidelines/cpic-guideline-for-g6pd/	C	Final		Actionable PGx	36049896	CHEMBL.COMPOUND:CHEMBL2359966	UniProtKB:P11413
CYP2C19	rabeprazole	114979.0	A02BC04	https://cpicpgx.org/guidelines/cpic-guideline-for-proton-pump-inhibitors-and-cyp2c19/	C	Final	2A	Actionable PGx	32770672	CHEMBL.COMPOUND:CHEMBL1219	UniProtKB:P33261
COMT	remifentanil	73032.0	N01AH06	https://cpicpgx.org/guidelines/guideline-for-codeine-and-cyp2d6/	C	Final	3		33387367	CHEMBL.COMPOUND:CHEMBL1005	UniProtKB:P21964
OPRM1	remifentanil	73032.0	N01AH06	https://cpicpgx.org/guidelines/guideline-for-codeine-and-cyp2d6/	C	Final	3		33387367	CHEMBL.COMPOUND:CHEMBL1005	UniProtKB:P35372
DRD2	risperidone	35636.0	N05AX08		C	Provisional	3			CHEMBL.COMPOUND:CHEMBL85	UniProtKB:P14416
HTR2C	risperidone	35636.0	N05AX08		C	Provisional	3			CHEMBL.COMPOUND:CHEMBL85	UniProtKB:P28335
MC4R	risperidone	35636.0	N05AX08		C	Provisional	3			CHEMBL.COMPOUND:CHEMBL85	UniProtKB:P32245
CYP2C8	rosiglitazone	84108.0	A10BG02		C	Provisional	3			CHEMBL.COMPOUND:CHEMBL843	UniProtKB:P10632
CYP3A4	rosuvastatin	301542.0	C10AA07	https://cpicpgx.org/guidelines/cpic-guideline-for-statins/	C	Final				CHEMBL.COMPOUND:CHEMBL1744447	UniProtKB:P08684
CYP3A5	rosuvastatin	301542.0	C10AA07	https://cpicpgx.org/guidelines/cpic-guideline-for-statins/	C	Final	3			CHEMBL.COMPOUND:CHEMBL1744447	UniProtKB:P20815
HMGCR	rosuvastatin	301542.0	C10AA07	https://cpicpgx.org/guidelines/cpic-guideline-for-statins/	C	Final				CHEMBL.COMPOUND:CHEMBL1744447	UniProtKB:P04035
CYP2D6	sertraline	36437.0	N06AB06		C	Provisional	3			CHEMBL.COMPOUND:CHEMBL1709	UniProtKB:P10635
GRIK4	sertraline	36437.0	N06AB06		C	Provisional				CHEMBL.COMPOUND:CHEMBL1709	UniProtKB:Q16099
ABCB1	simvastatin	36567.0	C10AA01, C10BA02, C10BX04, A10BH51, C10BA04, C10BX01		C	Provisional	3			CHEMBL.COMPOUND:CHEMBL1064	UniProtKB:P08183
CYP3A4	simvastatin	36567.0	C10AA01, C10BA02, C10BX04, A10BH51, C10BA04, C10BX01	https://cpicpgx.org/guidelines/cpic-guideline-for-statins/	C	Final	3			CHEMBL.COMPOUND:CHEMBL1064	UniProtKB:P08684
CYP3A5	simvastatin	36567.0	C10AA01, C10BA02, C10BX04, A10BH51, C10BA04, C10BX01	https://cpicpgx.org/guidelines/cpic-guideline-for-statins/	C	Final	4			CHEMBL.COMPOUND:CHEMBL1064	UniProtKB:P20815
CYP3A5	sirolimus	35302.0	L04AA10		C	Provisional	3			CHEMBL.COMPOUND:CHEMBL413	UniProtKB:P20815
G6PD	sodium nitrite	9894.0		https://cpicpgx.org/guidelines/cpic-guideline-for-g6pd/	C	Final		Actionable PGx	36049896	CHEMBL.COMPOUND:CHEMBL1161681	UniProtKB:P11413
COMT	sufentanil	56795.0	N01AH03	https://cpicpgx.org/guidelines/guideline-for-codeine-and-cyp2d6/	C	Final	3		33387367	CHEMBL.COMPOUND:CHEMBL1201163	UniProtKB:P21964
OPRM1	sufentanil	56795.0	N01AH03	https://cpicpgx.org/guidelines/guideline-for-codeine-and-cyp2d6/	C	Final	3		33387367	CHEMBL.COMPOUND:CHEMBL1201163	UniProtKB:P35372
G6PD	sulfacetamide	10169.0	D10AF06, S01AB04	https://cpicpgx.org/guidelines/cpic-guideline-for-g6pd/	C	Final			36049896	CHEMBL.COMPOUND:CHEMBL1723241	UniProtKB:P11413
G6PD	sulfadiazine	10171.0	J01EC02	https://cpicpgx.org/guidelines/cpic-guideline-for-g6pd/	C	Final		Actionable PGx	36049896	CHEMBL.COMPOUND:CHEMBL1382627	UniProtKB:P11413
G6PD	sulfadimidine	10178.0	J01EB03	https://cpicpgx.org/guidelines/cpic-guideline-for-g6pd/	C	Final			36049896	CHEMBL.COMPOUND:CHEMBL446	UniProtKB:P11413
G6PD	sulfamethoxazole / trimethoprim	10831.0		https://cpicpgx.org/guidelines/cpic-guideline-for-g6pd/	C	Final	4	Actionable PGx	36049896	RXNORM:10831	UniProtKB:P11413
G6PD	sulfanilamide	10184.0	D06BA05, J01EB06	https://cpicpgx.org/guidelines/cpic-guideline-for-g6pd/	C	Final			36049896	CHEMBL.COMPOUND:CHEMBL21	UniProtKB:P11413
G6PD	sulfasalazine	9524.0	A07EC01	https://cpicpgx.org/guidelines/cpic-guideline-for-g6pd/	C	Final	3	Actionable PGx	36049896	CHEMBL.COMPOUND:CHEMBL421	UniProtKB:P11413
G6PD	sulfisoxazole	10207.0	J01EB05, S01AB02	https://cpicpgx.org/guidelines/cpic-guideline-for-g6pd/	C	Final			36049896	CHEMBL.COMPOUND:CHEMBL1200910	UniProtKB:P11413
CYP3A4	tacrolimus	42316.0	D11AH01, L04AD02		C	Provisional	2A			CHEMBL.COMPOUND:CHEMBL3989887	UniProtKB:P08684
DPYD	tegafur	4582.0	L01BC03, L01BC53	https://cpicpgx.org/guidelines/guideline-for-fluoropyrimidines-and-dpyd/	C	Final	1A		23988873;29152729	CHEMBL.COMPOUND:CHEMBL185	UniProtKB:Q12882
CYP2D6	terbinafine	37801.0	D01AE15, D01BA02		C	Provisional		Informative PGx		CHEMBL.COMPOUND:CHEMBL3183524	UniProtKB:P10635
G6PD	tolazamide	10633.0	A10BB05	https://cpicpgx.org/guidelines/cpic-guideline-for-g6pd/	C	Final		Actionable PGx	36049896	CHEMBL.COMPOUND:CHEMBL817	UniProtKB:P11413
G6PD	tolbutamide	10635.0	A10BB03, V04CA01	https://cpicpgx.org/guidelines/cpic-guideline-for-g6pd/	C	Final		Actionable PGx	36049896	CHEMBL.COMPOUND:CHEMBL782	UniProtKB:P11413
CYP2D6	tolterodine	119565.0	G04BD07		C	Provisional	3	Actionable PGx		CHEMBL.COMPOUND:CHEMBL1722209	UniProtKB:P10635
COMT	tramadol	10689.0	N02AX02	https://cpicpgx.org/guidelines/guideline-for-codeine-and-cyp2d6/	C	Final	3		33387367	CHEMBL.COMPOUND:CHEMBL1237044	UniProtKB:P21964
OPRM1	tramadol	10689.0	N02AX02	https://cpicpgx.org/guidelines/guideline-for-codeine-and-cyp2d6/	C	Final	3		33387367	CHEMBL.COMPOUND:CHEMBL1237044	UniProtKB:P35372
G6PD	trametinib	1425099.0		https://cpicpgx.org/guidelines/cpic-guideline-for-g6pd/	C	Final		Informative PGx	36049896	CHEMBL.COMPOUND:CHEMBL2103875	UniProtKB:P11413
GRIK4	venlafaxine	39786.0	N06AX16		C	Provisional				CHEMBL.COMPOUND:CHEMBL1201066	UniProtKB:Q16099
G6PD	vitamin c	1151.0	G01AD03, S01XA15	https://cpicpgx.org/guidelines/cpic-guideline-for-g6pd/	C	Final			36049896	CHEMBL.COMPOUND:CHEMBL196	UniProtKB:P11413
G6PD	vitamin k	11258.0	B02BA	https://cpicpgx.org/guidelines/cpic-guideline-for-g6pd/	C	Final			36049896	CHEMBL.COMPOUND:CHEMBL1201519	UniProtKB:P11413
MC4R	ziprasidone	115698.0	N05AE04		C	Provisional				CHEMBL.COMPOUND:CHEMBL1375743	UniProtKB:P32245
ITPA	interferon alfa-2b, recombinant	5880.0	L03AB05		C/D	Provisional	3			ttd.target:Interferon_Alfa-2b,_Recombinant	UniProtKB:Q9BY32
CYP3A5	midazolam	6960.0	N05CD08		C/D	Provisional	3			CHEMBL.COMPOUND:CHEMBL655	UniProtKB:P20815
COMT	nicotine	7407.0	N07BA01		C/D	Provisional	3			CHEMBL.COMPOUND:CHEMBL9732	UniProtKB:P21964
ABCB1	ondansetron	26225.0	A04AA01		C/D	Provisional	3			CHEMBL.COMPOUND:CHEMBL1201111	UniProtKB:P08183
UGT2B15	oxazepam	7781.0	N05BA04		C/D	Provisional	3			CHEMBL.COMPOUND:CHEMBL568	UniProtKB:P54855
FDPS	alendronate	46041.0	M05BA04		D	Provisional				CHEMBL.COMPOUND:CHEMBL2367465	UniProtKB:P14324
GP1BA	aspirin	1191.0	A01AD05, B01AC06, B01AC56, C10BX01, C10BX02, C10BX04, C10BX05, C10BX06, C10BX08, M01BA03, N02BA01, N02BA51, N02BA71		D	Provisional	3			CHEMBL.COMPOUND:CHEMBL25	UniProtKB:P07359
LTC4S	aspirin	1191.0	A01AD05, B01AC06, B01AC56, C10BX01, C10BX02, C10BX04, C10BX05, C10BX06, C10BX08, M01BA03, N02BA01, N02BA51, N02BA71		D	Provisional	3			CHEMBL.COMPOUND:CHEMBL25	UniProtKB:Q16873
PTGS1	aspirin	1191.0	A01AD05, B01AC06, B01AC56, C10BX01, C10BX02, C10BX04, C10BX05, C10BX06, C10BX08, M01BA03, N02BA01, N02BA51, N02BA71		D	Provisional	3			CHEMBL.COMPOUND:CHEMBL25	UniProtKB:P23219
APOE	atorvastatin	83367.0	C10AA05		D	Provisional	2B			CHEMBL.COMPOUND:CHEMBL1487	UniProtKB:P02649
CETP	atorvastatin	83367.0	C10AA05		D	Provisional	4			CHEMBL.COMPOUND:CHEMBL1487	UniProtKB:P11597
COQ2	atorvastatin	83367.0	C10AA05		D	Provisional	3			CHEMBL.COMPOUND:CHEMBL1487	UniProtKB:Q96H96
KIF6	atorvastatin	83367.0	C10AA05		D	Provisional	3			CHEMBL.COMPOUND:CHEMBL1487	UniProtKB:Q6ZMV9
LDLR	atorvastatin	83367.0	C10AA05		D	Provisional		Informative PGx		CHEMBL.COMPOUND:CHEMBL1487	UniProtKB:P01130
LPA	atorvastatin	83367.0	C10AA05		D	Provisional				CHEMBL.COMPOUND:CHEMBL1487	CHEMBL.COMPOUND:CHEMBL364797
CRHR1	budesonide	19831.0	A07EA06, D07AC09, R01AD05, R03BA02		D	Provisional				CHEMBL.COMPOUND:CHEMBL1370	UniProtKB:P34998
ADORA2A	caffeine	1886.0	N06BC01		D	Provisional	3			CHEMBL.COMPOUND:CHEMBL113	UniProtKB:P29274
TYMS	capecitabine	194000.0	L01BC06		D	Provisional	3			CHEMBL.COMPOUND:CHEMBL185	UniProtKB:P04818
ACE	captopril	1998.0	C09AA01		D	Provisional	2A			CHEMBL.COMPOUND:CHEMBL1560	UniProtKB:P12821
EPHX1	carbamazepine	2002.0	N03AF01		D	Provisional	3			CHEMBL.COMPOUND:CHEMBL108	UniProtKB:P07099
CETP	cerivastatin	596723.0	C10AA06		D	Provisional				CHEMBL.COMPOUND:CHEMBL1200563	UniProtKB:P11597
LPA	cerivastatin	596723.0	C10AA06		D	Provisional				CHEMBL.COMPOUND:CHEMBL1200563	CHEMBL.COMPOUND:CHEMBL364797
EGF	cetuximab	318341.0	L01XC06		D	Provisional	3			CHEMBL.COMPOUND:CHEMBL1201577	UniProtKB:P01133
ACYP2	cisplatin	2555.0	L01XA01		D	Provisional	3			CHEMBL.COMPOUND:CHEMBL2068237	UniProtKB:P14621
ERCC1	cisplatin	2555.0	L01XA01		D	Provisional	3			CHEMBL.COMPOUND:CHEMBL2068237	UniProtKB:P07992
GSTM1	cisplatin	2555.0	L01XA01		D	Provisional	3			CHEMBL.COMPOUND:CHEMBL2068237	UniProtKB:P09488
NQO1	cisplatin	2555.0	L01XA01		D	Provisional				CHEMBL.COMPOUND:CHEMBL2068237	UniProtKB:P15559
XPC	cisplatin	2555.0	L01XA01		D	Provisional	3			CHEMBL.COMPOUND:CHEMBL2068237	UniProtKB:Q01831
FKBP5	citalopram	2556.0	N06AB04		D	Provisional	3			CHEMBL.COMPOUND:CHEMBL1200781	UniProtKB:Q13451
ANKK1	clozapine	2626.0	N05AH02		D	Provisional				CHEMBL.COMPOUND:CHEMBL538973	UniProtKB:Q8NFD2
GSTP1	cyclophosphamide	3002.0	L01AA01		D	Provisional	3			CHEMBL.COMPOUND:CHEMBL88	UniProtKB:P09211
NQO1	cyclophosphamide	3002.0	L01AA01		D	Provisional	3			CHEMBL.COMPOUND:CHEMBL88	UniProtKB:P15559
SOD2	cyclophosphamide	3002.0	L01AA01		D	Provisional	3			CHEMBL.COMPOUND:CHEMBL88	UniProtKB:P04179
CBR3	daunorubicin	3109.0	L01DB02		D	Provisional				CHEMBL.COMPOUND:CHEMBL1563	UniProtKB:O75828
HAS3	daunorubicin	3109.0	L01DB02		D	Provisional				CHEMBL.COMPOUND:CHEMBL1563	UniProtKB:O00219
CBR3	doxorubicin	3639.0	L01DB01		D	Provisional	3			CHEMBL.COMPOUND:CHEMBL53463	UniProtKB:O75828
HAS3	doxorubicin	3639.0	L01DB01		D	Provisional				CHEMBL.COMPOUND:CHEMBL53463	UniProtKB:O00219
NQO1	doxorubicin	3639.0	L01DB01		D	Provisional				CHEMBL.COMPOUND:CHEMBL53463	UniProtKB:P15559
SERPINC1	eltrombopag	711942.0	B02BX		D	Provisional		Actionable PGx		CHEMBL.COMPOUND:CHEMBL3989691	UniProtKB:P01008
CBR3	epirubicin	3995.0	L01DB03		D	Provisional	3			CHEMBL.COMPOUND:CHEMBL53463	UniProtKB:O75828
GSTP1	epirubicin	3995.0	L01DB03		D	Provisional	3			CHEMBL.COMPOUND:CHEMBL53463	UniProtKB:P09211
HAS3	epirubicin	3995.0	L01DB03		D	Provisional				CHEMBL.COMPOUND:CHEMBL53463	UniProtKB:O00219
NQO1	epirubicin	3995.0	L01DB03		D	Provisional	3			CHEMBL.COMPOUND:CHEMBL53463	UniProtKB:P15559
DYNC2H1	etoposide	4179.0	L01CB01		D	Provisional	3			CHEMBL.COMPOUND:CHEMBL320876	UniProtKB:Q8NCM8
GSTP1	fluorouracil	4492.0	L01BC02, L01BC52		D	Provisional	3			CHEMBL.COMPOUND:CHEMBL185	UniProtKB:P09211
NQO1	fluorouracil	4492.0	L01BC02, L01BC52		D	Provisional	3			CHEMBL.COMPOUND:CHEMBL185	UniProtKB:P15559
TYMS	fluorouracil	4492.0	L01BC02, L01BC52		D	Provisional	3			CHEMBL.COMPOUND:CHEMBL185	UniProtKB:P04818
UMPS	fluorouracil	4492.0	L01BC02, L01BC52		D	Provisional	3			CHEMBL.COMPOUND:CHEMBL185	UniProtKB:P11172
FKBP5	fluoxetine	4493.0	N06AB03		D	Provisional	3			CHEMBL.COMPOUND:CHEMBL1201082	UniProtKB:Q13451
CRHR1	fluticasone propionate	50121.0	D07AC17, R01AD08, R03BA05		D	Provisional				CHEMBL.COMPOUND:CHEMBL1201396	UniProtKB:P34998
CRHR1	fluticasone/salmeterol	284635.0			D	Provisional				VANDF:4024217	UniProtKB:P34998
CETP	fluvastatin	41127.0	C10AA04		D	Provisional	3			CHEMBL.COMPOUND:CHEMBL241778	UniProtKB:P11597
LPA	fluvastatin	41127.0	C10AA04		D	Provisional				CHEMBL.COMPOUND:CHEMBL241778	CHEMBL.COMPOUND:CHEMBL364797
ADD1	furosemide	4603.0	C03CA01		D	Provisional	3			CHEMBL.COMPOUND:CHEMBL1788133	UniProtKB:P35611
NT5C2	gemcitabine	12574.0	L01BC05		D	Provisional	3			CHEMBL.COMPOUND:CHEMBL888	UniProtKB:P49902
NEDD4L	hydrochlorothiazide	5487.0	C03AA03, C03AB03, C09DX01, C09DX03, C09XA52, C03EA01, C03AX01, G01AE10, C09XA54		D	Provisional	3			CHEMBL.COMPOUND:CHEMBL435	UniProtKB:Q96PU5
PRKCA	hydrochlorothiazide	5487.0	C03AA03, C03AB03, C09DX01, C09DX03, C09XA52, C03EA01, C03AX01, G01AE10, C09XA54		D	Provisional	3			CHEMBL.COMPOUND:CHEMBL435	UniProtKB:P17252
YEATS4	hydrochlorothiazide	5487.0	C03AA03, C03AB03, C09DX01, C09DX03, C09XA52, C03EA01, C03AX01, G01AE10, C09XA54		D	Provisional	3			CHEMBL.COMPOUND:CHEMBL435	UniProtKB:O95619
CBR3	idarubicin	5650.0	L01DB06		D	Provisional				CHEMBL.COMPOUND:CHEMBL1200976	UniProtKB:O75828
HAS3	idarubicin	5650.0	L01DB06		D	Provisional				CHEMBL.COMPOUND:CHEMBL1200976	UniProtKB:O00219
C8orf34	irinotecan	51499.0	L01XX19		D	Provisional	3			CHEMBL.COMPOUND:CHEMBL481	UniProtKB:Q49A92
SEMA3C	irinotecan	51499.0	L01XX19		D	Provisional	3			CHEMBL.COMPOUND:CHEMBL481	UniProtKB:Q99985
UGT1A4	lamotrigine	28439.0	N03AX09		D	Provisional	3			CHEMBL.COMPOUND:CHEMBL741	UniProtKB:P22310
PTGFR	latanoprost	43611.0	S01EE01		D	Provisional	3			CHEMBL.COMPOUND:CHEMBL1050	UniProtKB:P43088
C11orf65	metformin	6809.0	A10BA02		D	Provisional	4			CHEMBL.COMPOUND:CHEMBL1703	UniProtKB:Q8NCR3
ATIC	methotrexate	6851.0	L01BA01, L04AX03		D	Provisional	2B			CHEMBL.COMPOUND:CHEMBL34259	UniProtKB:P31939
MTRR	methotrexate	6851.0	L01BA01, L04AX03		D	Provisional	3			CHEMBL.COMPOUND:CHEMBL34259	UniProtKB:Q9UBK8
CYB5R1	metoclopramide	6915.0	A03FA01		D	Provisional		Actionable PGx		CHEMBL.COMPOUND:CHEMBL86	UniProtKB:Q9UHQ9
CYB5R2	metoclopramide	6915.0	A03FA01		D	Provisional		Actionable PGx		CHEMBL.COMPOUND:CHEMBL86	UniProtKB:Q6BCY4
CYB5R3	metoclopramide	6915.0	A03FA01		D	Provisional		Actionable PGx		CHEMBL.COMPOUND:CHEMBL86	UniProtKB:P00387
CYB5R4	metoclopramide	6915.0	A03FA01		D	Provisional		Actionable PGx		CHEMBL.COMPOUND:CHEMBL86	UniProtKB:Q7L1T6
FKBP5	mirtazapine	15996.0	N06AX11		D	Provisional	3			CHEMBL.COMPOUND:CHEMBL654	UniProtKB:Q13451
CCHCR1	nevirapine	53654.0	J05AG01		D	Provisional	3			CHEMBL.COMPOUND:CHEMBL57	UniProtKB:Q8TD31
CHRNA3	nicotine	7407.0	N07BA01		D	Provisional	3			CHEMBL.COMPOUND:CHEMBL9732	UniProtKB:P32297
ANKK1	olanzapine	61381.0	N05AH03		D	Provisional	3			CHEMBL.COMPOUND:CHEMBL715	UniProtKB:Q8NFD2
GSTM1	oxaliplatin	32592.0	L01XA03		D	Provisional	3			CHEMBL.COMPOUND:CHEMBL1201055	UniProtKB:P09488
GSTP1	oxaliplatin	32592.0	L01XA03		D	Provisional	3			CHEMBL.COMPOUND:CHEMBL1201055	UniProtKB:P09211
FKBP5	paroxetine	32937.0	N06AB05		D	Provisional	3			CHEMBL.COMPOUND:CHEMBL1256912	UniProtKB:Q13451
HTR1A	paroxetine	32937.0	N06AB05		D	Provisional	3			CHEMBL.COMPOUND:CHEMBL1256912	UniProtKB:P08908
VDR	peginterferon alfa-2b	253453.0	L03AB10, L03AB60		D	Provisional	3			CHEMBL.COMPOUND:CHEMBL1201561	UniProtKB:P11473
CETP	pravastatin	42463.0	C10AA03		D	Provisional	3			CHEMBL.COMPOUND:CHEMBL690	UniProtKB:P11597
HMGCR	pravastatin	42463.0	C10AA03		D	Provisional	3			CHEMBL.COMPOUND:CHEMBL690	UniProtKB:P04035
KIF6	pravastatin	42463.0	C10AA03		D	Provisional	2B			CHEMBL.COMPOUND:CHEMBL690	UniProtKB:Q6ZMV9
LPA	pravastatin	42463.0	C10AA03		D	Provisional				CHEMBL.COMPOUND:CHEMBL690	CHEMBL.COMPOUND:CHEMBL364797
FDPS	raloxifene	72143.0	G03XC01		D	Provisional				CHEMBL.COMPOUND:CHEMBL1116	UniProtKB:P14324
VDR	ribavirin	9344.0	J05AB04		D	Provisional	3			CHEMBL.COMPOUND:CHEMBL1643	UniProtKB:P11473
FDPS	risedronate	73056.0	M05BA07		D	Provisional				CHEMBL.COMPOUND:CHEMBL923	UniProtKB:P14324
ANKK1	risperidone	35636.0	N05AX08		D	Provisional	3			CHEMBL.COMPOUND:CHEMBL85	UniProtKB:Q8NFD2
FCGR3A	rituximab	121191.0	L01XC02		D	Provisional	2B			CHEMBL.COMPOUND:CHEMBL1201576	UniProtKB:P08637
COQ2	rosuvastatin	301542.0	C10AA07		D	Provisional	3			CHEMBL.COMPOUND:CHEMBL1744447	UniProtKB:Q96H96
LPA	rosuvastatin	301542.0	C10AA07		D	Provisional	3			CHEMBL.COMPOUND:CHEMBL1744447	CHEMBL.COMPOUND:CHEMBL364797
ADRB2	salbutamol	435.0	R03AC02, R03CC02		D	Provisional	3			CHEMBL.COMPOUND:CHEMBL1441059	UniProtKB:P07550
COL22A1	salbutamol	435.0	R03AC02, R03CC02		D	Provisional	3			CHEMBL.COMPOUND:CHEMBL1441059	UniProtKB:Q8NFW1
CRHR2	salbutamol	435.0	R03AC02, R03CC02		D	Provisional	3			CHEMBL.COMPOUND:CHEMBL1441059	UniProtKB:Q13324
ADRB2	salmeterol	36117.0	R03AC12		D	Provisional	2A			CHEMBL.COMPOUND:CHEMBL1082607	UniProtKB:P07550
GNB3	sildenafil	136411.0	G04BE03		D	Provisional	3			CHEMBL.COMPOUND:CHEMBL1737	UniProtKB:P16520
CETP	simvastatin	36567.0	C10AA01, C10BA02, C10BX04, A10BH51, C10BA04, C10BX01		D	Provisional	3			CHEMBL.COMPOUND:CHEMBL1064	UniProtKB:P11597
HMGCR	simvastatin	36567.0	C10AA01, C10BA02, C10BX04, A10BH51, C10BA04, C10BX01		D	Provisional	3			CHEMBL.COMPOUND:CHEMBL1064	UniProtKB:P04035
LPA	simvastatin	36567.0	C10AA01, C10BA02, C10BX04, A10BH51, C10BA04, C10BX01		D	Provisional				CHEMBL.COMPOUND:CHEMBL1064	CHEMBL.COMPOUND:CHEMBL364797
ADD1	spironolactone	9997.0	C03DA01		D	Provisional	3			CHEMBL.COMPOUND:CHEMBL1393	UniProtKB:P35611
ABCC4	tenofovir	117466.0	J05AF		D	Provisional	3			CHEMBL.COMPOUND:CHEMBL1538	UniProtKB:O15439
CRHR1	triamcinolone	10759.0	A01AC01, C05AA12, D07AB09, D07XB02, H02AB08, R01AD11, R03BA06, S01BA05		D	Provisional				RXNORM:10759	UniProtKB:P34998
FKBP5	venlafaxine	39786.0	N06AX16		D	Provisional	3			CHEMBL.COMPOUND:CHEMBL1201066	UniProtKB:Q13451
CALU	warfarin	11289.0	B01AA03		D	Provisional	3			CHEMBL.COMPOUND:CHEMBL1200879	UniProtKB:O43852
GGCX	warfarin	11289.0	B01AA03		D	Provisional	3			CHEMBL.COMPOUND:CHEMBL1200879	UniProtKB:P38435
PROC	warfarin	11289.0	B01AA03		D	Provisional		Actionable PGx		CHEMBL.COMPOUND:CHEMBL1200879	UniProtKB:P04070
PROS1	warfarin	11289.0	B01AA03		D	Provisional		Actionable PGx		CHEMBL.COMPOUND:CHEMBL1200879	UniProtKB:P07225
